the	8375
a	6471
of	4063
and	3421
to	2467
is	1877
in	1703
an	1491
for	1262
or	943
with	797
layer	744
by	729
are	725
first	695
on	695
second	603
that	565
as	559
which	553
from	539
at	511
be	499
one	477
having	427
invention	374
device	365
circuit	359
formed	345
method	342
surface	342
signal	329
1	324
includes	322
substrate	318
semiconductor	301
least	294
can	291
film	280
has	274
sub	266
2	254
between	247
provided	247
each	246
material	237
such	234
voltage	229
system	228
current	213
may	208
present	203
data	195
portion	191
output	189
3	183
comprising	182
also	181
power	180
comprises	180
electrode	178
light	178
plurality	177
sup	177
region	176
r	174
this	172
high	171
control	170
input	167
forming	167
process	164
type	162
than	161
conductive	160
connected	160
into	158
metal	157
when	156
used	151
through	150
said	149
using	147
contact	146
wherein	146
two	145
n	142
more	140
group	140
source	139
gate	139
other	139
including	137
unit	136
so	133
c	132
signals	131
compound	128
use	127
4	125
element	123
disclosed	123
provides	122
structure	121
composition	121
methods	119
form	119
silicon	118
line	118
value	118
sensor	117
relates	116
magnetic	115
acid	113
electrical	112
display	112
layers	111
dielectric	111
polymer	110
antenna	110
position	110
active	108
5	108
cell	107
coupled	107
thereof	106
apparatus	105
based	105
about	104
time	103
side	103
being	102
temperature	100
chip	99
low	99
containing	99
direction	99
insulating	97
motor	97
disposed	95
electric	95
further	94
within	93
member	93
it	92
compositions	92
phase	91
assembly	88
non	88
0	88
over	88
weight	88
not	87
b	87
transistor	87
oxide	86
gas	86
end	86
means	85
well	85
body	85
pattern	84
electrically	82
then	82
third	82
part	82
have	82
memory	81
frequency	80
pressure	79
predetermined	79
devices	78
resin	78
base	78
component	78
upper	77
integrated	77
compounds	76
include	76
provide	74
lower	74
represents	73
10	73
different	73
detection	73
p	73
sequence	73
preferably	72
same	72
field	72
another	71
area	71
i	71
sample	70
amplifier	69
d	69
step	69
digital	69
6	68
applied	68
inner	68
switch	68
core	68
vehicle	67
cells	67
selected	67
8	66
wafer	65
during	64
reference	64
electrodes	64
thus	64
number	63
less	63
components	63
test	62
beam	62
support	61
elements	61
producing	61
embodiment	61
capable	61
under	61
section	60
stage	60
processing	60
coating	60
useful	60
capacitor	60
20	60
conductor	60
associated	60
opening	60
formula	59
where	59
target	59
optical	59
array	59
made	59
substantially	58
parallel	58
heat	58
state	58
plate	57
thereby	57
drive	57
s	57
set	57
via	56
after	56
alkyl	56
according	56
hydrogen	56
object	55
function	55
pad	55
portions	55
supply	55
manufacturing	54
generator	54
connection	54
terminal	54
both	54
agent	54
switching	54
drain	54
emitting	54
ion	54
resistance	54
wire	53
e	53
out	53
radiation	53
its	52
frame	52
chamber	52
lines	52
ring	51
mask	51
analog	51
order	51
these	51
three	51
arranged	51
level	51
without	51
along	50
etching	50
clock	50
plasma	50
receiving	50
corresponding	50
their	50
nitride	49
transmission	49
relative	49
regions	49
like	49
top	49
transistors	48
produced	48
described	48
12	48
higher	48
respectively	47
location	47
electronic	47
user	47
outer	47
fuel	47
trench	47
organic	47
g	47
particles	46
treatment	46
m	46
adhesive	46
pair	46
protein	46
operating	46
response	46
specific	46
water	46
case	46
machine	45
rf	45
up	45
wiring	45
product	45
7	45
controller	45
novel	45
channel	45
example	44
thin	44
detecting	44
amino	44
mounted	44
gene	44
generated	44
located	44
range	44
carbon	43
off	43
above	43
front	43
converter	43
communication	43
substituted	42
obtained	42
catalyst	42
ions	42
block	42
parts	42
either	42
bottom	41
axis	41
stator	41
storage	41
positioned	41
circuits	41
providing	41
flow	41
greater	41
no	41
o	40
cover	40
improved	40
configured	40
ratio	40
detector	40
40	40
probe	40
coil	40
liquid	40
multiple	40
reaction	40
image	39
information	39
str1	39
produce	39
only	39
driving	39
mixture	39
activity	39
degree	39
glass	38
hole	38
mass	38
received	38
exposed	38
amount	38
contains	38
controlled	38
bond	38
magnet	38
making	38
copper	38
path	38
adjacent	38
presence	38
surfaces	38
desired	38
module	38
single	37
operation	37
speed	37
while	37
optionally	37
15	37
controlling	37
solid	37
connecting	37
any	37
various	37
logic	36
zone	36
bias	36
wave	36
generating	36
subject	36
if	36
energy	36
gap	36
excellent	36
discharge	36
period	36
steps	35
respective	35
interconnect	35
heating	35
barrier	35
extending	35
thermal	35
pixel	35
x	35
suitable	35
soybean	35
human	35
constant	35
panel	35
shaft	35
coupling	35
possible	34
diffusion	34
laser	34
placed	34
together	34
external	34
arrangement	34
addition	34
resistant	34
materials	34
detected	34
bit	34
back	34
insulation	34
reduced	34
etch	34
films	33
configuration	33
distance	33
potential	33
particularly	33
been	33
deposited	33
treating	33
internal	33
electron	33
h	32
network	32
thickness	32
encoding	32
conditions	32
battery	32
mode	32
free	32
formation	32
plug	32
conductors	32
pulse	31
variable	31
housing	31
consisting	31
wt	31
receiver	31
pharmaceutical	31
point	31
interlayer	31
radio	31
particular	31
charge	31
groups	31
color	31
there	31
fiber	31
angle	31
reducing	30
reflective	30
determined	30
cultivar	30
oxygen	30
sidewall	30
change	30
gain	30
combination	30
but	30
removed	30
head	30
plane	29
measurement	29
selectively	29
length	29
properties	29
solution	29
attached	29
13	29
14	29
directed	29
rubber	29
generate	29
adapted	28
around	28
dimensional	28
increased	28
production	28
ground	28
removing	28
application	28
processes	28
against	28
die	28
substrates	28
characteristics	28
measuring	28
filter	28
medium	28
bonding	28
transmitter	28
opposite	27
package	27
alarm	27
rotation	27
upon	27
nucleic	27
rotor	27
preparation	27
stop	27
proteins	27
performance	27
threshold	27
30	27
equal	27
node	27
noise	27
rate	27
circuitry	26
series	26
reactor	26
width	26
expression	26
molecular	26
factor	26
load	26
stack	26
face	26
matrix	26
doped	26
systems	26
concentration	26
determining	26
conductivity	26
main	26
impurity	26
11	26
36	26
multi	26
band	26
isolated	26
modified	26
sequences	26
atoms	25
values	25
monitoring	25
24	25
average	25
anti	25
defined	25
video	25
mechanism	25
segment	25
molecules	25
ball	25
air	25
silicide	25
transmitting	25
products	25
distribution	25
density	25
additional	25
100	25
common	25
pin	25
onto	25
torque	25
fluid	25
all	25
shaped	25
related	25
following	24
transparent	24
mechanical	24
error	24
protection	24
media	24
cathode	24
loop	24
depth	24
positions	24
computer	24
movement	24
contacts	24
intermediate	24
amplitude	24
mu	24
etched	24
particle	24
polishing	24
polymerization	24
below	24
sheet	23
screen	23
cavity	23
preventing	23
membrane	23
manner	23
forms	23
size	23
processor	23
times	23
floating	23
adjustable	23
chemical	23
shield	23
members	23
anode	23
y	23
partially	23
isolation	23
setting	23
polysilicon	23
determine	23
capacitance	23
differential	23
deposition	22
salt	22
wires	22
condition	22
backing	22
code	22
preferred	22
covering	22
t	22
therein	22
down	22
difference	22
zero	22
access	22
peptide	22
host	22
capacitors	22
tool	22
port	22
inhibitors	22
cross	22
sensing	22
column	22
pre	21
polypeptide	21
pull	21
reduce	21
preparing	21
atom	21
ends	21
bearing	21
diameter	21
separated	21
l	21
strength	21
board	21
protective	21
fixed	21
rear	21
vessel	21
alternatively	21
coated	21
new	21
composite	21
cancer	21
driven	21
conducting	21
pads	21
shape	21
32	21
primary	21
complex	21
embodiments	21
serial	21
slave	21
trenches	21
auxiliary	21
therefore	20
metallic	20
inside	20
printed	20
prior	20
salts	20
interface	20
holes	20
co	20
variety	20
them	20
transformer	20
cap	20
space	20
alkoxy	20
central	20
derived	20
effect	20
extends	20
limit	20
even	20
ester	20
points	20
disorders	20
connector	20
winding	20
remote	20
residue	20
groove	20
general	20
functional	20
fourth	20
place	20
molded	20
60	20
aqueous	20
applying	20
characterized	20
moving	20
edge	20
smaller	20
copolymer	20
dummy	19
rotary	19
buried	19
vertical	19
large	19
door	19
olefin	19
agents	19
alloy	19
compared	19
they	19
dc	19
crystal	19
selection	19
increase	19
read	19
scanning	19
tire	19
thereon	19
ii	19
performing	19
aspect	19
mos	19
good	19
treated	19
halogen	19
changes	19
row	19
aliphatic	19
conversion	19
spaced	19
spacer	19
outside	19
allows	19
v	19
measured	19
gel	19
closed	19
result	18
amplification	18
parameter	18
inhibiting	18
buffer	18
pass	18
aryl	18
comprise	18
allow	18
utilizing	18
residual	18
cost	18
toward	18
alpha	18
sensitive	18
bar	18
electromagnetic	18
stages	18
filled	18
q	18
normal	18
excitation	18
simple	18
hand	18
coding	18
thereto	18
wound	18
50	18
leads	18
stream	18
curing	18
phenyl	18
driver	18
respect	18
solvent	18
delta	18
units	18
lead	18
carrier	18
vectors	17
applications	17
slot	17
combined	17
impedance	17
beams	17
levels	17
leakage	17
blocks	17
electrostatic	17
way	17
transition	17
specimen	17
very	17
since	17
structures	17
technique	17
16	17
18	17
black	17
secondary	17
stacked	17
21	17
terminals	17
nitrogen	17
lamp	17
programmable	17
areas	17
therebetween	17
diseases	17
wide	17
installed	17
sampling	17
due	17
adjustment	17
waveguide	17
transfer	17
projection	16
effective	16
silver	16
fabrication	16
prevent	16
address	16
oscillator	16
edges	16
binding	16
resulting	16
plates	16
whereby	16
openings	16
envelope	16
amine	16
orientation	16
toner	16
bulk	16
independently	16
crossing	16
need	16
operated	16
before	16
cleaning	16
testing	16
basis	16
stability	16
continuous	16
17	16
reading	16
strip	16
hybrid	16
25	16
atomic	16
cut	16
sensors	16
proximity	16
introduced	16
capacity	16
halide	16
plastic	16
subsequent	16
engine	16
actuator	16
transponder	16
gps	16
plants	16
9	16
larger	16
shielding	15
errors	15
derivatives	15
dna	15
until	15
depositing	15
extend	15
polypeptides	15
diode	15
mounting	15
ac	15
certain	15
small	15
paper	15
imaging	15
epitaxial	15
casing	15
fibers	15
specifically	15
photoresist	15
simultaneously	15
infrared	15
receives	15
adding	15
maximum	15
fabricated	15
card	15
comprised	15
accordance	15
polynucleotide	15
equipment	15
article	15
charged	15
held	15
tft	15
stored	15
uses	15
some	15
modulator	15
reactive	15
contain	15
vector	15
force	15
adhesion	15
near	15
id	15
covers	15
optically	15
rotational	15
identifying	15
generates	15
aperture	15
ethylene	15
resonant	15
iii	15
thermoplastic	15
emitter	15
ridge	15
supplied	15
represented	15
prevented	15
relatively	15
fusion	15
supplying	15
outputs	15
employed	15
performed	15
bonded	15
characteristic	15
stable	15
fluorescent	15
percent	15
feedback	14
soluble	14
push	14
si	14
molecule	14
sealed	14
aromatic	14
cpu	14
followed	14
positioning	14
play	14
photodetector	14
receive	14
delay	14
antibody	14
valve	14
ch	14
does	14
seeds	14
ink	14
highly	14
post	14
reset	14
modules	14
supporting	14
timing	14
conventional	14
horizontal	14
parameters	14
doping	14
transmits	14
required	14
cladding	14
wheel	14
segments	14
bone	14
content	14
identify	14
prevents	14
generally	14
teeth	14
acceptable	14
monitor	14
images	14
deep	14
22	14
recording	14
locating	14
scale	14
adjusting	14
prepared	14
composed	14
f	14
peroxide	14
improve	14
faces	14
environment	14
changing	14
electrolyte	14
will	14
inorganic	14
flat	14
70	14
windings	14
arc	14
slots	14
leadframe	14
chips	14
dual	14
carried	14
extension	14
whether	14
contacting	14
titanium	13
exposing	13
correction	13
binder	13
probes	13
activated	13
backside	13
recombinant	13
transceiver	13
tracking	13
al	13
enzyme	13
fixing	13
sides	13
steering	13
handle	13
bonds	13
alkali	13
silica	13
techniques	13
holding	13
reacting	13
dispersed	13
pixels	13
lateral	13
polymeric	13
acrylic	13
aligned	13
height	13
mixtures	13
skin	13
solder	13
across	13
mixed	13
antimicrobial	13
represent	13
micro	13
remove	13
mirror	13
fabricating	13
patterning	13
automotive	13
38	13
31	13
junction	13
disease	13
adc	13
esd	13
propylene	13
perform	13
resistor	13
procedure	13
wireless	13
dye	13
included	13
known	13
fixture	13
reduction	13
z	13
detects	13
vco	13
boring	13
reductase	13
pigment	12
increasing	12
master	12
tree	12
peripheral	12
unique	12
open	12
dimension	12
ferromagnetic	12
laminated	12
ceramic	12
full	12
plant	12
defect	12
self	12
impact	12
uv	12
derivative	12
static	12
adjusted	12
cm	12
patterns	12
green	12
fragment	12
standard	12
degradation	12
symmetric	12
dynamoelectric	12
reception	12
uniform	12
directly	12
shifter	12
coolant	12
ohmic	12
herein	12
efficiency	12
sensed	12
plural	12
functions	12
foil	12
microscope	12
hydrocarbon	12
interior	12
box	12
photodiode	12
19	12
beta	12
designated	12
island	12
surfactant	12
coat	12
ports	12
fine	12
armature	12
vacuum	12
per	12
profile	12
supported	12
rotating	12
microelectronic	12
promoter	12
center	12
direct	12
oven	12
luminescent	12
synthesis	12
uniformly	12
axial	12
diene	12
detect	12
antibodies	12
correcting	12
achieved	12
arm	12
analysis	12
integer	12
epitaxy	12
growth	12
leaving	12
longitudinal	12
sleeve	12
transmitted	12
nucleotide	12
wall	12
cursor	12
dopant	12
knob	12
brush	12
516	11
effects	11
roll	11
operable	11
inserted	11
acids	11
copolymers	11
results	11
existing	11
opposing	11
counter	11
bipolar	11
total	11
movable	11
coa	11
property	11
passive	11
compression	11
switches	11
flash	11
domain	11
coils	11
comparison	11
operator	11
embedded	11
angles	11
close	11
web	11
determination	11
dram	11
insulator	11
slide	11
final	11
processed	11
silicone	11
sources	11
offset	11
receptor	11
consists	11
guide	11
linear	11
voltages	11
features	11
outputting	11
catalytic	11
polyether	11
especially	11
seat	11
tuning	11
planar	11
hydroxy	11
grid	11
pharmaceutically	11
zinc	11
portable	11
minimum	11
release	11
relation	11
complementary	11
itself	11
alignment	11
annular	11
depression	11
objects	11
35	11
34	11
subsequently	11
resist	11
sets	11
conjugated	11
trap	11
hydrophobic	11
circumferential	11
cycle	11
monitored	11
operational	11
commutator	11
coatings	11
spacers	11
generation	11
added	11
patterned	11
transferring	11
interconnection	11
allowing	11
converted	11
grain	11
nickel	11
hmg	11
causing	10
102	10
chrome	10
preselected	10
electro	10
indicative	10
deflection	10
arrays	10
melt	10
improving	10
sp	10
container	10
enable	10
tight	10
action	10
seq	10
corresponds	10
appropriate	10
storing	10
index	10
next	10
accuracy	10
heaters	10
work	10
away	10
tissue	10
shown	10
irradiation	10
coordinate	10
heated	10
polar	10
cores	10
surrounded	10
selective	10
laminate	10
discloses	10
yl	10
inert	10
mobile	10
circular	10
joint	10
key	10
capture	10
exposure	10
additionally	10
enhance	10
implemented	10
104	10
expose	10
keyboard	10
personal	10
collector	10
ether	10
interest	10
make	10
initial	10
finally	10
reflector	10
protected	10
gem	10
cmos	10
polynucleotides	10
u	10
varying	10
26	10
walls	10
easily	10
utilizes	10
individual	10
fused	10
comparator	10
lens	10
random	10
tubular	10
define	10
underlying	10
molding	10
styrene	10
flip	10
44	10
42	10
patches	10
description	10
complexes	10
linked	10
satellite	10
54	10
rod	10
resonance	10
platform	10
intended	10
spaces	10
minimize	10
directions	10
esdi	10
feed	10
double	10
pt	10
currents	10
proximate	10
permanent	10
polyester	10
piece	10
packaging	10
reverse	10
obtain	10
variants	10
k	9
displacement	9
wells	9
tungsten	9
fabric	9
stress	9
cycloalkyl	9
contained	9
structured	9
locations	9
conduction	9
caused	9
th	9
select	9
emission	9
insulative	9
formate	9
format	9
communications	9
unsaturated	9
codes	9
heteroaryl	9
partial	9
polystyrene	9
identical	9
etc	9
site	9
command	9
lattice	9
wet	9
blocking	9
sensitizing	9
alternately	9
iron	9
insulated	9
fungicidal	9
easy	9
switched	9
illumination	9
displayed	9
cold	9
vicinity	9
scaling	9
care	9
protease	9
appliance	9
therapeutic	9
manufacture	9
similar	9
thermally	9
separating	9
inverter	9
quality	9
exhibit	9
bus	9
construction	9
purified	9
loss	9
activation	9
operations	9
amplifying	9
therapy	9
enclosure	9
regular	9
basic	9
left	9
transconductance	9
primer	9
filler	9
photographic	9
pins	9
indicating	9
resistivity	9
sigma	9
maintained	9
sound	9
gates	9
manufactured	9
compliant	9
radar	9
connect	9
paint	9
most	9
polyolefin	9
development	9
amplified	9
transient	9
attachment	9
heterocyclic	9
controls	9
epoxy	9
variations	9
bundle	9
surrounding	9
filling	9
boosting	9
bridge	9
shallow	9
however	9
several	9
apart	9
obtaining	9
aluminum	9
connections	9
receivers	9
reduces	9
alcohol	9
finding	9
emulsion	9
rim	9
polymers	9
long	9
monomer	9
secured	9
defining	9
spiral	9
permeability	9
four	8
99	8
temperatures	8
directional	8
fig	8
avalanche	8
opposed	8
printing	8
decreased	8
bumps	8
bits	8
altered	8
twin	8
62	8
inter	8
ad	8
waves	8
reactions	8
thereafter	8
improves	8
whole	8
microstrip	8
spring	8
carrying	8
expressed	8
advantageously	8
involved	8
pieces	8
produces	8
move	8
chosen	8
modulated	8
negative	8
word	8
permits	8
reagent	8
approximately	8
do	8
exceeds	8
fuse	8
marginal	8
microcontroller	8
security	8
topologies	8
accordingly	8
mold	8
physical	8
interval	8
purity	8
significantly	8
message	8
nmr	8
prepare	8
cdna	8
sealing	8
event	8
pinned	8
electrons	8
000	8
becomes	8
converting	8
crystalline	8
neutral	8
whose	8
103	8
101	8
sidewalls	8
inhibitor	8
acoustic	8
seed	8
114	8
exemplary	8
remaining	8
apodized	8
automatically	8
ammonium	8
implanted	8
1a	8
serves	8
implantation	8
bleach	8
ranges	8
catalysts	8
hard	8
evaluation	8
depending	8
flame	8
rotatable	8
rotatably	8
resistive	8
eliminate	8
superconductive	8
prostate	8
red	8
cured	8
compensation	8
curved	8
request	8
emitted	8
protecting	8
soft	8
hair	8
limited	8
feeding	8
ionization	8
exhibits	8
combining	8
wear	8
palladium	8
52	8
selectivity	8
solar	8
nm	8
methyl	8
curable	8
holder	8
quantity	8
flakes	8
samples	8
coaxial	8
deviation	8
separate	8
oxides	8
stiffness	8
passed	8
vias	8
electrochemical	8
polyethylene	8
art	8
fragments	8
perpendicular	8
rows	8
calculation	8
covered	8
controllable	8
words	8
weighing	8
germanium	8
hollow	8
because	8
calibration	8
hsv	7
damage	7
types	7
wind	7
ligand	7
detachment	7
ranging	7
radius	7
extraction	7
occurring	7
functionalized	7
yoke	7
polyvinyl	7
chain	7
susceptor	7
quarter	7
turned	7
circumference	7
superconducting	7
fogging	7
immunoglobulin	7
causes	7
adjust	7
situated	7
resonator	7
corrected	7
distortion	7
bypass	7
jet	7
analogs	7
golf	7
sea	7
dipole	7
incident	7
fire	7
evaluating	7
elevated	7
emergency	7
repair	7
polypropylene	7
actuation	7
integrating	7
animal	7
bump	7
antifogging	7
therewith	7
acrylate	7
ramp	7
overlapping	7
indicates	7
packages	7
inhibit	7
independent	7
transformed	7
substitution	7
was	7
encoded	7
dissipation	7
car	7
write	7
el	7
elastomeric	7
514	7
mono	7
real	7
heater	7
start	7
quats	7
reliability	7
bacillus	7
nodes	7
analyzing	7
pushed	7
absence	7
prodrugs	7
food	7
fully	7
eddy	7
station	7
culture	7
therethrough	7
metals	7
cotton	7
button	7
bed	7
able	7
radiating	7
achieve	7
ltoreq	7
intersection	7
compatible	7
shunt	7
connects	7
coefficient	7
boron	7
dry	7
obstacle	7
maintain	7
responsive	7
inbred	7
fields	7
01	7
androgen	7
trigger	7
grown	7
wafers	7
pitch	7
yield	7
interference	7
vinyl	7
efficient	7
seal	7
mark	7
those	7
decomposition	7
solvents	7
distinct	7
comparing	7
middle	7
built	7
micromachine	7
suppressing	7
create	7
prevention	7
flux	7
30b	7
patient	7
carbide	7
vehicles	7
antigen	7
effectively	7
holds	7
bind	7
lt	7
cutting	7
identified	7
acceleration	7
min	7
hydrocarbons	7
passing	7
inflammatory	7
assembled	7
blue	7
mm	7
charging	7
chuck	7
earth	7
limiting	7
51	7
corn	7
nh	7
papers	7
permitting	7
local	7
annealing	7
branched	7
turn	7
given	7
mutated	7
cooling	7
batting	7
peptides	7
lna	7
500	7
coupler	7
converts	7
model	7
promote	7
design	7
sum	7
short	7
developed	7
induced	7
defects	7
foamed	7
extracted	7
waveform	7
polyol	7
circulator	7
receptacles	7
polarization	7
inventive	7
identification	7
ability	7
window	7
11a	7
additives	7
volume	7
branch	7
bitstream	6
resilient	6
brought	6
hold	6
97	6
drying	6
monolithic	6
ucn	6
ethylenically	6
thrombin	6
re	6
acquisition	6
spectrum	6
person	6
detectors	6
photoelectric	6
cushion	6
longitudinally	6
lift	6
damaged	6
olefins	6
irradiated	6
periphery	6
aralkyl	6
therefrom	6
panels	6
150	6
labels	6
badge	6
spot	6
maintaining	6
coagulation	6
blm	6
programming	6
many	6
analyte	6
binary	6
tube	6
rectification	6
fluoroelastomer	6
extract	6
pmos	6
dyed	6
strips	6
integrator	6
antagonists	6
states	6
sense	6
variant	6
turbine	6
sacrificial	6
immidazoline	6
relationship	6
anodized	6
dependent	6
crf	6
olefinic	6
ligands	6
shorter	6
viewing	6
strobe	6
measurements	6
cascode	6
continuously	6
substituents	6
antireflection	6
sent	6
bent	6
hydrophilic	6
efficiently	6
realized	6
hydrogenated	6
sensitivity	6
viewer	6
atmosphere	6
inductor	6
drug	6
cc	6
cu	6
inductance	6
audio	6
delivery	6
meth	6
desirable	6
alternating	6
decoding	6
mammalian	6
motorized	6
pigments	6
created	6
photosensor	6
rates	6
forces	6
screening	6
triol	6
observed	6
essentially	6
perimeter	6
bore	6
discrete	6
woven	6
drop	6
furthermore	6
oligonucleotide	6
transferred	6
typically	6
eliminating	6
hydride	6
moreover	6
developing	6
foam	6
morphatide	6
carbonyl	6
moved	6
interposed	6
diol	6
species	6
communicating	6
radial	6
reflected	6
shifted	6
laterally	6
collected	6
carboxyl	6
modification	6
fatty	6
injection	6
cellular	6
focused	6
convert	6
remains	6
camera	6
starter	6
surrounds	6
cause	6
baseboard	6
bases	6
operates	6
powder	6
isolating	6
party	6
necessary	6
library	6
nonwoven	6
variation	6
synthesizer	6
crosslinking	6
dynamic	6
downstream	6
haze	6
room	6
foods	6
enabled	6
planarized	6
representing	6
inactive	6
architecture	6
balance	6
il	6
ic	6
trimming	6
track	6
synchronous	6
shift	6
antigens	6
avoiding	6
growing	6
pure	6
140	6
designed	6
cyano	6
fast	6
moisture	6
fills	6
conjunction	6
communicates	6
identifiers	6
matching	6
critical	6
expressing	6
road	6
starting	6
applicable	6
wiper	6
23	6
28	6
conducted	6
reinforced	6
utilized	6
amplifiers	6
brca1	6
branching	6
capacitive	6
distributed	6
platinum	6
forward	6
planes	6
ingredient	6
insertion	6
microprocessor	6
tunnel	6
barriers	6
concerns	6
preliminary	6
recess	6
absorbing	6
bead	6
phases	6
superior	6
optional	6
otherwise	6
sequentially	6
absorption	6
induction	6
visible	6
mg	6
mesh	6
spectrometer	6
magnets	6
emphysema	6
machining	6
oriented	6
contacter	6
colors	6
rinsing	6
approach	6
oxidation	6
protect	6
microns	6
stopping	6
actuators	6
ensure	6
longer	6
coordinates	6
gaps	6
motion	6
gives	6
deceleration	6
latex	6
masking	6
parking	6
pole	6
josephson	6
mount	6
interconnected	6
locking	6
interconnects	6
regard	6
curve	6
removal	6
employing	6
compressed	6
elongated	6
atonal	6
passes	6
nial	6
donor	6
75	6
ph	6
precision	6
welding	6
domains	6
consumption	6
fet	6
infection	6
antennas	6
proof	6
inlet	6
oxidizing	6
sectional	6
80	6
corona	6
dope	6
quaternary	6
collar	6
breaker	6
half	6
nanoparticles	6
112	6
looking	5
sputter	5
reliable	5
cooking	5
antisense	5
structural	5
rr	5
phenolic	5
estimate	5
chlorine	5
r2	5
service	5
engagement	5
needed	5
fibrous	5
regulator	5
extent	5
adapter	5
much	5
child	5
actuated	5
rotated	5
right	5
authorized	5
integration	5
90	5
activates	5
occurrence	5
introducing	5
immune	5
hematopoietic	5
feature	5
drilling	5
square	5
chemically	5
equipped	5
parasitic	5
allocation	5
210	5
instrument	5
nanocomposite	5
traffic	5
stationary	5
fluorine	5
complete	5
amplify	5
monopole	5
ar	5
dyes	5
overlying	5
dressing	5
tc	5
cable	5
contrast	5
compliance	5
brushless	5
male	5
scan	5
geographic	5
abrasion	5
buffering	5
race	5
w	5
virus	5
evaporation	5
synchronization	5
passivation	5
migration	5
available	5
targeted	5
conveyor	5
fluoropolymer	5
regulating	5
yields	5
bg	5
bi	5
jacks	5
relaxed	5
influence	5
defines	5
flowing	5
leg	5
delivering	5
makes	5
chloride	5
drill	5
incorporating	5
hydroxyl	5
tape	5
initiators	5
cl	5
cr	5
ultra	5
glue	5
valid	5
become	5
selecting	5
naturally	5
smooth	5
informational	5
nonmagnetic	5
cmp	5
approximation	5
linearly	5
deflashing	5
indicated	5
verify	5
encapsulated	5
break	5
decreasing	5
enhancing	5
transmit	5
calculated	5
fitted	5
dp	5
analytical	5
drawn	5
packaged	5
tone	5
flexible	5
coherent	5
atopic	5
0332125	5
musical	5
homing	5
pll	5
bound	5
encoder	5
reproductive	5
alkylthio	5
presented	5
th_s	5
hts	5
precursor	5
purge	5
still	5
wavelength	5
advantages	5
quat	5
transverse	5
successive	5
fifth	5
lamination	5
manipulator	5
osteoporosis	5
interposer	5
takes	5
fe	5
capability	5
heavy	5
housed	5
diffused	5
herbicides	5
scheme	5
antibacterial	5
lid	5
combinations	5
schottky	5
transgenic	5
look	5
covalently	5
temporary	5
plugs	5
translucent	5
phasing	5
run	5
pwm	5
polygon	5
amounts	5
recognition	5
configurations	5
filament	5
divided	5
magnitude	5
procedures	5
written	5
lug	5
comparable	5
releasing	5
accurate	5
immediately	5
glazing	5
overlap	5
inflammation	5
utility	5
diagnosis	5
baking	5
cathodes	5
lyrics	5
zones	5
elastomer	5
bushing	5
melted	5
diaphragm	5
mouse	5
super	5
sodium	5
pseudo	5
stabilizing	5
fviii	5
encode	5
septum	5
grow	5
cascade	5
mems	5
coefficients	5
were	5
modulus	5
204	5
sheets	5
pump	5
configuring	5
among	5
receptacle	5
formulations	5
ethyl	5
specified	5
damping	5
metaxylene	5
cables	5
flowable	5
graytone	5
luciferin	5
subterranean	5
ceramidase	5
narrow	5
readily	5
esdpd	5
industrial	5
29	5
conduit	5
cyclic	5
adjusts	5
keys	5
purpose	5
jbv	5
entry	5
semi	5
regenerating	5
30a	5
tcpp	5
recombinase	5
vcc1	5
initiating	5
amplifies	5
assay	5
entire	5
spacing	5
444	5
33	5
staple	5
readable	5
closing	5
varied	5
euv	5
identifier	5
activate	5
actuating	5
facilitate	5
plastics	5
reaches	5
connectors	5
kits	5
vent	5
clusters	5
appearance	5
rectangular	5
stores	5
alkenyl	5
lipid	5
actual	5
female	5
polymerizing	5
damascene	5
41	5
flows	5
flange	5
supplies	5
ti	5
decorative	5
vapor	5
underside	5
0332120	5
0332121	5
morphatides	5
sodd	5
centered	5
0332131	5
regulate	5
diffusing	5
combustion	5
scattering	5
layered	5
melting	5
lh289	5
removes	5
latch	5
trim	5
ni	5
preceding	5
passage	5
dried	5
spectral	5
19704280	5
multiplexer	5
representation	5
microcomputer	5
coordinated	5
individually	5
require	5
polycrystalline	5
botulinum	5
multiplied	5
65	5
chromatographic	5
shifts	5
modes	5
nr	5
fabricate	5
synthetic	5
subjected	5
program	5
belonging	5
ultraviolet	5
semiconductors	5
partitions	5
nucleus	5
alzheimer	5
linking	5
regulation	5
piezoelectric	5
bars	5
injecting	5
fibres	5
lengths	5
deletion	5
pipeline	5
monomers	5
crank	5
nmos	5
problems	5
polyamide	5
urp	5
manipulating	5
separation	5
syndrome	5
occur	5
tension	5
workpieces	5
stamped	5
pulses	5
articles	5
weather	5
supports	5
hence	5
ionic	5
patients	5
intersecting	5
luminous	5
mutant	5
epitopes	5
resistors	5
electricity	4
digit	4
medicament	4
grains	4
fingers	4
substance	4
relay	4
95	4
household	4
organized	4
aldehyde	4
void	4
modulation	4
minimized	4
activating	4
rectifier	4
simplify	4
initiator	4
biuret	4
menu	4
kinase	4
rich	4
transesterification	4
rings	4
life	4
spin	4
previous	4
ease	4
phor	4
oscillating	4
emits	4
slightly	4
soi	4
transmissive	4
loads	4
lengthened	4
agonists	4
emitters	4
alone	4
accomplished	4
opposes	4
allowed	4
sb	4
constitutes	4
receipt	4
entering	4
internet	4
separator	4
infections	4
going	4
resins	4
attenuated	4
combines	4
engaged	4
subunit	4
subcircuit	4
costs	4
breakage	4
clad	4
clay	4
grouping	4
dimensions	4
exit	4
transformers	4
biases	4
dialkylamino	4
tumor	4
pyrimidine	4
encapsulating	4
durability	4
elimination	4
debris	4
dispersions	4
implantable	4
hours	4
r1	4
keeping	4
register	4
reciprocating	4
contiguous	4
occurs	4
heads	4
introduction	4
focusing	4
determines	4
conjugate	4
workpiece	4
acidic	4
48a	4
handling	4
expanded	4
alert	4
suffering	4
digitized	4
cis	4
verification	4
spectroscopy	4
transcriptional	4
obesity	4
engage	4
involves	4
transmittance	4
hydrolysis	4
uncompressed	4
decat	4
rising	4
mediated	4
regulatory	4
dbd	4
should	4
impinging	4
nuclear	4
piston	4
genetic	4
cvd	4
retardant	4
realize	4
springs	4
avoid	4
lowered	4
reinforcement	4
executing	4
horn	4
machines	4
textured	4
cycloalkyloxy	4
bundles	4
underfill	4
alkylene	4
nozzle	4
methanol	4
affected	4
classified	4
train	4
bilayer	4
incorporates	4
creates	4
incorporated	4
latency	4
implementation	4
dermatitis	4
410	4
projections	4
carbene	4
rail	4
kept	4
epi	4
fluoride	4
constituting	4
misfet	4
altering	4
genes	4
shifting	4
extra	4
selects	4
zirconium	4
sps	4
amyloliquefaciens	4
solubility	4
directing	4
monitors	4
diagnostic	4
xa	4
dynamically	4
dispersant	4
sprayable	4
namely	4
analyzed	4
subjecting	4
velocities	4
downward	4
equivalent	4
building	4
organosilicon	4
excess	4
ahead	4
family	4
cosmetic	4
taken	4
lowering	4
alkylamino	4
referred	4
quantum	4
sustain	4
rhodium	4
1321p	4
substantial	4
towards	4
velocity	4
molten	4
adhering	4
pluripotent	4
backfill	4
proton	4
maintenance	4
photolithographic	4
transformation	4
accelerating	4
stem	4
diisocyanate	4
rolls	4
started	4
drops	4
junctions	4
map	4
fluoroterpolymer	4
dopants	4
geometry	4
management	4
adopted	4
recessed	4
ultrasonic	4
blades	4
receptors	4
chitinase	4
overall	4
embryonic	4
humans	4
limits	4
aligning	4
reflection	4
electromotor	4
fluorophores	4
crushing	4
hf	4
proteinase	4
powdery	4
tensile	4
endface	4
clothes	4
quilt	4
109	4
105	4
operate	4
better	4
reader	4
observation	4
dot	4
scrubbing	4
05	4
cartilage	4
loaded	4
multifilament	4
iv	4
potentials	4
protocol	4
assigned	4
character	4
affinity	4
microwave	4
slurry	4
burn	4
islands	4
laminations	4
nerve	4
locator	4
fraction	4
222	4
administering	4
polycondensate	4
combustor	4
jacket	4
bacterial	4
photosensitive	4
inputs	4
142	4
esters	4
lyric	4
inductive	4
widths	4
accurately	4
isolate	4
201	4
202	4
satisfying	4
corner	4
camelidae	4
label	4
boundaries	4
wake	4
strain	4
oil	4
assist	4
extender	4
carboxylic	4
alkoxide	4
grating	4
mol	4
facing	4
fluids	4
48b	4
vertex	4
elastomers	4
alkane	4
activatable	4
ambient	4
collision	4
chimeric	4
repeating	4
acting	4
offsets	4
inhibits	4
elevator	4
selector	4
paths	4
volatile	4
acts	4
interfaces	4
aircraft	4
tapered	4
vulcanized	4
ray	4
ferroelectric	4
300	4
consequently	4
proportional	4
multilayer	4
bracket	4
magnetically	4
subtilisin	4
grooves	4
exchange	4
37	4
formulated	4
noises	4
primers	4
meter	4
roughness	4
lc	4
latitude	4
dac	4
transducer	4
hygroscopic	4
mid	4
normally	4
intensity	4
enhanced	4
boundary	4
deliver	4
biosynthesis	4
implementing	4
effluent	4
taking	4
absorbent	4
bulb	4
claimed	4
administration	4
piezoresistors	4
fusible	4
rendered	4
guard	4
elastic	4
photocatalyst	4
adenoviral	4
45	4
43	4
original	4
comparatively	4
guiding	4
estimated	4
supplier	4
acceptor	4
fourier	4
would	4
vpr	4
annealed	4
must	4
mn	4
toxin	4
mesa	4
fillers	4
percentage	4
fixedly	4
compressor	4
injected	4
tunable	4
modulators	4
screws	4
isolates	4
mother	4
report	4
keypad	4
quickly	4
expected	4
extruder	4
nanoholes	4
58	4
55	4
isocyanate	4
ppm	4
hansenula	4
multifunctional	4
differences	4
vivo	4
constructed	4
interferometric	4
displaying	4
advantage	4
frequencies	4
refractive	4
posts	4
pore	4
inducing	4
secures	4
pyridine	4
benzamide	4
clutch	4
factors	4
ang	4
medical	4
27	4
poly	4
68	4
amidino	4
polygate	4
capping	4
modem	4
bodies	4
mosfet	4
gelling	4
oh	4
alkylsulphonyl	4
terminus	4
chinese	4
pth	4
ptc	4
tags	4
converters	4
cytokine	4
return	4
recovered	4
dispenses	4
sandwiched	4
measures	4
76	4
79	4
mineral	4
windows	4
hiv	4
mfr	4
survivin	4
axially	4
rapid	4
quantization	4
scented	4
pd	4
mipc	4
solids	4
intervals	4
sized	4
gradually	4
motors	4
oxidized	4
entrance	4
fluorescence	4
once	4
ionizing	4
apply	4
fed	4
stabilized	4
tag	4
85	4
adhesives	4
ultrafine	4
shell	4
elongate	4
linker	4
moveable	4
superimposed	4
raffinate	4
diagnosing	4
ones	4
view	4
acquired	4
probing	4
electroluminescent	4
exceed	4
retractable	4
115	4
detergent	4
locate	4
rare	4
polished	4
chromate	4
nhlp	4
broiler	3
reporter	3
sexual	3
travel	3
hot	3
preferable	3
diodes	3
smc	3
compensator	3
stripe	3
wash	3
returns	3
listed	3
integrally	3
white	3
absorbed	3
electrodepositable	3
alkylidene	3
layout	3
rice	3
roller	3
250	3
dots	3
fob	3
substitutes	3
sinusoidally	3
raised	3
collimated	3
pest	3
packets	3
axes	3
falling	3
alkylating	3
positive	3
visual	3
tines	3
detached	3
winter	3
pulley	3
natural	3
st	3
prophylaxis	3
establishing	3
predefined	3
besides	3
constants	3
administered	3
atop	3
printer	3
grilling	3
friction	3
uppermost	3
outlet	3
sites	3
impregnated	3
spare	3
cosine	3
readings	3
technology	3
breakdown	3
intumescent	3
meat	3
biased	3
mean	3
emulsifier	3
spider	3
associating	3
laminates	3
pedestal	3
phenol	3
a2	3
quantify	3
alkoxycarbonyl	3
joined	3
displays	3
periodic	3
initiated	3
hybridizing	3
halogenating	3
resources	3
abduction	3
symptoms	3
physiologically	3
bumped	3
elective	3
guest	3
amsh	3
polarized	3
strippable	3
degraded	3
indicator	3
keychain	3
adhered	3
coincidence	3
belt	3
initiation	3
firm	3
representative	3
leave	3
straight	3
focal	3
concrete	3
sims	3
abbreviation	3
electromagnets	3
couple	3
sorting	3
caulked	3
bs	3
integral	3
span	3
link	3
mixing	3
fewer	3
great	3
opamp	3
dicing	3
customer	3
animals	3
scatter	3
purposes	3
rods	3
abrasive	3
marrow	3
attenuator	3
degrees	3
therefor	3
innermost	3
concave	3
sufficiently	3
lithography	3
allergic	3
irradiating	3
anionic	3
placement	3
bring	3
principal	3
irreversible	3
sinus	3
withstand	3
chromium	3
torsion	3
compensating	3
ballast	3
situ	3
v1	3
omnidirectional	3
increases	3
replacement	3
vss	3
murc	3
little	3
transport	3
doing	3
delivers	3
contribute	3
suppress	3
oocyte	3
smoke	3
iminoester	3
antigenically	3
transparency	3
yarn	3
lat	3
purging	3
bank	3
bread	3
forth	3
recovering	3
thick	3
rated	3
masterbatch	3
nitro	3
convenient	3
viscosity	3
optimized	3
involving	3
calculates	3
latent	3
colloid	3
emi	3
colorant	3
optimum	3
terms	3
clwd	3
wider	3
applies	3
compartments	3
cap1	3
electronically	3
usable	3
rna	3
decoded	3
gaseous	3
emit	3
mole	3
mdis	3
polyisocyanates	3
polyphenylene	3
orthogonal	3
turns	3
seedlayer	3
incoming	3
trans	3
dedicated	3
expanding	3
allowable	3
tagged	3
terminations	3
dialkyl	3
provision	3
inversion	3
resonators	3
shows	3
lms	3
inputting	3
eliminated	3
slab	3
computationally	3
enriched	3
cannot	3
polyorganosiloxane	3
hydrate	3
installation	3
enabling	3
ptam	3
circumferentially	3
helium	3
halogenated	3
noble	3
finish	3
traps	3
charger	3
cca	3
outermost	3
early	3
duration	3
hepatitis	3
desorbed	3
600	3
moves	3
suited	3
pointing	3
quadrature	3
safety	3
fence	3
losses	3
uniquely	3
bidirectional	3
analytes	3
utilize	3
stopped	3
glycidyl	3
homologous	3
probability	3
cationic	3
inground	3
antitumor	3
getter	3
sti	3
cysteine	3
null	3
trapped	3
precharge	3
clear	3
dermatological	3
completion	3
exhibiting	3
submount	3
wheat	3
spray	3
coarse	3
database	3
permittivity	3
minimal	3
idt	3
disclosure	3
cpld	3
heterogeneous	3
estrogen	3
resistances	3
calculating	3
blend	3
compact	3
friendly	3
hardmask	3
ga	3
inspection	3
zn	3
compensates	3
click	3
sapo	3
poles	3
radicals	3
addressed	3
fibrids	3
magnetron	3
special	3
bleaching	3
completely	3
route	3
timer	3
rectifying	3
precisely	3
biasing	3
durable	3
amide	3
claim	3
zno	3
unchanged	3
se	3
sulfur	3
120	3
128	3
molybdenum	3
tuned	3
outputted	3
capacitively	3
ivf	3
promoters	3
energized	3
weld	3
recharging	3
sizes	3
controllers	3
overlay	3
broad	3
reaching	3
expansion	3
drumstick	3
radially	3
trapping	3
106	3
tapes	3
rests	3
permit	3
give	3
answer	3
undergoing	3
urocortin	3
rewiring	3
fixation	3
interruption	3
24a	3
24b	3
setpoint	3
gradient	3
restricted	3
240	3
ruthenium	3
enables	3
extracting	3
modulating	3
fitting	3
consumed	3
bandlimited	3
hygiene	3
targeting	3
mcv	3
manifolds	3
tank	3
abuts	3
filtered	3
colonies	3
differing	3
kit	3
discoloration	3
802	3
800	3
bandwidth	3
fluidity	3
vdd	3
indium	3
fractions	3
graft	3
carboxypeptidase	3
string	3
oscillation	3
adds	3
albumin	3
simultaneous	3
regeneration	3
additive	3
nearest	3
pathway	3
mat	3
alkylsulphinyl	3
solubilized	3
pointer	3
possess	3
language	3
specificity	3
carry	3
broadcast	3
vcta	3
cuttings	3
summing	3
thermosetting	3
205	3
biodegradable	3
incidence	3
precise	3
enough	3
geo	3
communicated	3
seam	3
residence	3
conformal	3
stepped	3
pan	3
exhaust	3
largely	3
genome	3
imager	3
potentiometer	3
grafting	3
seconds	3
mixer	3
phasor	3
resultant	3
polymorpha	3
fill	3
personnel	3
drivers	3
requires	3
capillary	3
aspergillus	3
outgoing	3
gaas	3
suspensions	3
eye	3
achieving	3
csf	3
oblique	3
filters	3
2c	3
180	3
compartment	3
favorable	3
significant	3
extremely	3
breast	3
simply	3
throughout	3
fuses	3
superposed	3
textile	3
copying	3
attenuation	3
ldd	3
alternative	3
rgb	3
excited	3
hybridization	3
overhanging	3
interconnecting	3
valleys	3
examples	3
frames	3
conduits	3
strand	3
cd40	3
engineering	3
cure	3
vcc2	3
valves	3
prodrug	3
paddle	3
sine	3
composes	3
themselves	3
employs	3
pregel	3
l2	3
constraints	3
parties	3
electronics	3
masks	3
confocal	3
reached	3
environmental	3
stranded	3
monos	3
pertains	3
routing	3
carbamoyl	3
copies	3
indicators	3
acetate	3
atmospheric	3
productivity	3
add	3
displaced	3
works	3
hose	3
j	3
minutes	3
penetrating	3
resolution	3
sleep	3
risk	3
amorphous	3
fixtures	3
leaves	3
changed	3
strap	3
mo	3
mw	3
foils	3
ms	3
polycarbonate	3
writing	3
400	3
thermo	3
tolerant	3
dysfunction	3
mercury	3
though	3
shutting	3
interspersed	3
interstitial	3
facer	3
lenses	3
engageable	3
alarms	3
graded	3
proposed	3
appearing	3
56	3
incontinence	3
surround	3
optoelectronic	3
transform	3
metabolism	3
phosphate	3
trip	3
tie	3
implant	3
inverse	3
accumulation	3
slower	3
goes	3
alkaline	3
52a	3
electromagnetically	3
longitude	3
requirements	3
121	3
name	3
carbonate	3
heterologous	3
population	3
ideal	3
multiply	3
icon	3
lscg	3
applicator	3
homology	3
closure	3
regarding	3
predicted	3
enzymatically	3
arrival	3
preexposure	3
filtering	3
64	3
67	3
hardly	3
ophthalmic	3
protocols	3
irrespective	3
telephone	3
couples	3
distilled	3
status	3
drives	3
persons	3
termination	3
guided	3
actions	3
laminating	3
monoalkyl	3
except	3
tio	3
intact	3
clamp	3
ridges	3
resonating	3
narrowing	3
sufficient	3
immunity	3
song	3
induce	3
functioning	3
advantageous	3
observing	3
req_trq	3
transduction	3
rather	3
breaking	3
activator	3
reflect	3
lighting	3
dissolving	3
encased	3
developer	3
susceptible	3
speaker	3
instructions	3
accommodated	3
navigational	3
mosion	3
interact	3
bacteria	3
78	3
hif	3
submicron	3
achieves	3
mechanically	3
initially	3
behavior	3
shortened	3
unitary	3
triangulation	3
reagents	3
anhydrous	3
hotdog	3
rotate	3
cogeneration	3
tetrahydrofolate	3
tends	3
micromechanical	3
oxidizer	3
sections	3
peach	3
users	3
stably	3
pullulanase	3
cfu	3
overlies	3
apd	3
recognized	3
instead	3
pulsed	3
saturated	3
130	3
tray	3
radical	3
priority	3
wppm	3
slider	3
reflecting	3
class	3
cache	3
cationically	3
cleavage	3
crude	3
rpm	3
monoclonal	3
energizing	3
batteries	3
usage	3
washing	3
term	3
117	3
11b	3
dangling	3
paste	3
slug	3
mram	3
smoothing	3
kinds	3
opened	3
yellow	2
alphabetic	2
cyclodextrin	2
hormone	2
superposes	2
lactone	2
implanting	2
glassy	2
274	2
275	2
milled	2
reliably	2
interrupting	2
chassis	2
tetrazol	2
catalyzed	2
cancellation	2
golden	2
classification	2
txs	2
p40	2
brings	2
locker	2
concurrence	2
vary	2
cholinergic	2
rs	2
ra	2
resetting	2
vitro	2
171	2
170	2
rectified	2
sulphur	2
feeling	2
take	2
antiidiotypic	2
recommended	2
mating	2
incorporate	2
luminance	2
umbilical	2
pocket	2
benzoyllathyrol	2
patch	2
convey	2
best	2
eukaryotic	2
alternate	2
252	2
257	2
calcium	2
polyalkoxylated	2
simulated	2
encapsulant	2
airbag	2
rotates	2
enters	2
topical	2
cations	2
acetals	2
possibly	2
polyisoprenes	2
frit	2
nexrad	2
therapeutically	2
alloys	2
imparting	2
role	2
intent	2
diisocyanates	2
coextensive	2
desorbing	2
passengers	2
throughput	2
logical	2
scope	2
afford	2
dosing	2
mirrors	2
230	2
232	2
optimal	2
alkylcarbonyl	2
sr	2
bioconjugated	2
sh	2
sm	2
wavelengths	2
constituted	2
limbs	2
disconnect	2
mats	2
conveying	2
matched	2
chitobiase	2
structurant	2
remainder	2
routed	2
initiate	2
saving	2
gases	2
city	2
indicate	2
overshooting	2
padding	2
depressed	2
glossy	2
demodulation	2
chromophores	2
saw	2
journalled	2
coplanar	2
paged	2
hafnium	2
osteopenia	2
managing	2
walking	2
dimensioned	2
fibre	2
drumshell	2
imidazolidinones	2
genera	2
tolerogenic	2
affecting	2
detachably	2
serialization	2
former	2
situation	2
concatenation	2
datapoints	2
visually	2
rfid	2
216	2
217	2
photons	2
functionality	2
aspects	2
decomposed	2
pop	2
supplementary	2
restoring	2
meniscus	2
ratios	2
meal	2
act	2
microstructure	2
pivot	2
secreted	2
mammals	2
attenuate	2
operationally	2
ag	2
exhausted	2
formulation	2
fluorinated	2
a1	2
sulfate	2
tl	2
cobalt	2
t1	2
mammal	2
past	2
escaping	2
diapers	2
zirconic	2
electroluminescence	2
welded	2
emulator	2
reactors	2
vaporizer	2
follower	2
c_s	2
installing	2
oxysulfide	2
aryldiazonium	2
passages	2
enhances	2
rapidly	2
polarizing	2
prepregs	2
weeds	2
assemblies	2
labeling	2
found	2
accelerator	2
polyimide	2
scribe	2
positional	2
pairs	2
ohms	2
polarizer	2
stepwise	2
removably	2
crp	2
tumors	2
collectively	2
shower	2
fastness	2
ablated	2
pluralities	2
polymerized	2
31a	2
community	2
membranes	2
resting	2
pressed	2
averaging	2
triple	2
rules	2
contaminants	2
reactivity	2
parents	2
projects	2
facets	2
disorder	2
1320	2
1321	2
bounce	2
palm	2
b2	2
tonguelike	2
bb	2
br	2
tidal	2
transients	2
anterior	2
primarily	2
pain	2
exposes	2
ud	2
coder	2
coded	2
degenerative	2
tailored	2
toggle	2
manipulates	2
tri	2
alkoxyalkanol	2
oligomers	2
led	2
emissive	2
ler	2
carbons	2
sensitization	2
lock	2
docking	2
polyhydroxyalkanoates	2
directs	2
varies	2
designs	2
ingan	2
seawater	2
mitigated	2
kiss	2
cage	2
beneath	2
trihydrate	2
deficiency	2
irritation	2
shut	2
interactions	2
latches	2
could	2
compulsive	2
transmitters	2
evacuated	2
stomach	2
steel	2
reacted	2
collecting	2
separations	2
liner	2
viewed	2
adjunct	2
soap	2
02	2
buttons	2
glycolipid	2
exchanged	2
antagonist	2
hoses	2
temporarily	2
dialkylaminosulphonyl	2
drum	2
streams	2
adjuster	2
powered	2
graphics	2
mc148p2	2
mc148p3	2
terephthalate	2
mc148p1	2
collimator	2
vx	2
photodetectors	2
terrorist	2
dust	2
350	2
clocks	2
rectilinear	2
five	2
chelating	2
precharging	2
blackness	2
lung	2
terminated	2
yarns	2
convergence	2
problem	2
slowing	2
effected	2
compares	2
quartz	2
apparel	2
apertures	2
perpendicularly	2
sputtered	2
physiological	2
progression	2
luminant	2
established	2
voids	2
discontinuous	2
achievable	2
hemispherical	2
recovery	2
carriers	2
ordinary	2
transforming	2
displaceable	2
fan	2
crimping	2
satisfies	2
precipitate	2
encapsulater	2
repulsive	2
monolith	2
medicine	2
bicyclic	2
pi3k	2
binds	2
dihydro	2
sarcopenia	2
98	2
contents	2
acquire	2
heterodimeric	2
retraction	2
emf	2
1320pb	2
silicoaluminophosphate	2
glutamine	2
linkage	2
cor	2
relaxation	2
droplets	2
solvate	2
abrupt	2
aid	2
platen	2
oligomer	2
plated	2
isoxazoline	2
plating	2
pylori	2
hysteresis	2
prescribed	2
endometriosis	2
stringent	2
gravity	2
53b	2
utilization	2
belongs	2
webs	2
indenoindolyl	2
xyz	2
wax	2
lowest	2
becoming	2
decoder	2
bypassing	2
mtj	2
cancers	2
phenacite	2
mc148p	2
abstract	2
shrink	2
piezoresistance	2
update	2
omega	2
global	2
datum	2
thiocarbamoyl	2
formic	2
shrinkage	2
esdc	2
appear	2
sequential	2
shared	2
sieve	2
nonvolatile	2
usually	2
translational	2
marker	2
labeled	2
indicia	2
serum	2
flank	2
criterion	2
residues	2
opto	2
progressively	2
typical	2
serving	2
proteases	2
substituent	2
now	2
hall	2
nor	2
susceptibility	2
lactacystin	2
lambda	2
xh	2
sheep	2
checked	2
remotely	2
television	2
benzyloxymethyl	2
objective	2
feminine	2
esterification	2
symmetrically	2
spore	2
concern	2
analyzes	2
attaches	2
wheels	2
characterization	2
overview	2
ionomer	2
closest	2
fruit	2
severe	2
cck	2
valuable	2
downhole	2
touch	2
improvement	2
heterocyclyloxy	2
72	2
viral	2
recorded	2
paints	2
inverting	2
log	2
unmodified	2
bromide	2
lot	2
drains	2
dissipative	2
columnar	2
sheath	2
gradients	2
showerhead	2
inactivation	2
terminating	2
gluing	2
adsorbed	2
alleviation	2
culturing	2
securely	2
reformate	2
attributable	2
chair	2
fractional	2
modify	2
strong	2
requiring	2
finfet	2
staphylococcus	2
commences	2
heteroaromatic	2
cows	2
lithographic	2
chopper	2
deterioration	2
help	2
cardiovascular	2
operatively	2
stopper	2
antithrombotic	2
dulled	2
trailer	2
beyond	2
travels	2
alicyclic	2
doppler	2
algan	2
overlaid	2
fischer	2
reflectivity	2
behind	2
signaling	2
nco	2
store	2
randomly	2
stoichiometry	2
clean	2
grafted	2
trees	2
undergoes	2
precursors	2
distinguish	2
empty	2
10000	2
interpolation	2
compostable	2
bromo	2
consistency	2
radiator	2
showing	2
sorbitol	2
creation	2
delivered	2
gellant	2
quadropole	2
react	2
alkinyl	2
placing	2
properly	2
yagi	2
flush	2
draw	2
neighbouring	2
gt	2
gd	2
notify	2
gb	2
gm	2
ammonia	2
gc	2
g2	2
matrices	2
pyrogenous	2
compensated	2
picked	2
zr	2
commercial	2
engraving	2
polyacrylate	2
addresses	2
aluminide	2
links	2
synchronism	2
genomes	2
fatigue	2
superimposing	2
intermediates	2
mentioned	2
fluidic	2
articulation	2
subtraction	2
hands	2
cancerous	2
upward	2
illuminate	2
reacts	2
corrosion	2
isotropic	2
fieldbus	2
zirconocene	2
configure	2
aspiration	2
recesses	2
truck	2
subtracted	2
mg1	2
fluoro	2
gelatinous	2
123	2
126	2
gray	2
multiplying	2
correctly	2
neither	2
intermetallic	2
estimation	2
quadrilateral	2
regenerative	2
tread	2
yag	2
arylc	2
eccentric	2
energizer	2
spherical	2
sputtering	2
260	2
sequencing	2
warmer	2
pyrazolobenzodiazepines	2
monohydric	2
p35	2
freedom	2
previously	2
droplet	2
faceplate	2
highest	2
modifiers	2
upwardly	2
tetrachloride	2
projecting	2
universal	2
tissues	2
ingredients	2
hcv	2
aided	2
powders	2
microreactor	2
updated	2
affect	2
tips	2
admixed	2
disposable	2
108	2
107	2
suitably	2
mobility	2
costly	2
tertiary	2
receivable	2
gelation	2
acoustically	2
call	2
leaky	2
prepolymers	2
setup	2
roof	2
microcolumn	2
oled	2
proteasomal	2
passageway	2
fungi	2
enter	2
218	2
gastrointestinal	2
atherosclerosis	2
oxidant	2
brightness	2
turning	2
mtorr	2
polybutadienes	2
logging	2
messages	2
hood	2
hoods	2
cassettes	2
meconium	2
acetaldehyde	2
immunological	2
principle	2
fungal	2
stepping	2
alcohols	2
dampening	2
microscopy	2
alterations	2
alkene	2
00	2
tolerance	2
triplex	2
agonist	2
uncertainty	2
halobutyric	2
116	2
deeper	2
166	2
160	2
161	2
ir	2
grows	2
hydroxyethyl	2
secure	2
reportable	2
shoulder	2
photopolymerizable	2
shapes	2
dense	2
206	2
meanings	2
gallium	2
terpolymer	2
22a	2
distributing	2
approximate	2
inspected	2
224	2
crosslinked	2
gland	2
qwerty	2
retardancy	2
peelable	2
unlocking	2
daily	2
desorbent	2
milk	2
yeast	2
heterocyclyl	2
pyrrolidinone	2
din	2
streptococcus	2
organoaluminum	2
template	2
hbv	2
phospholipids	2
capturing	2
deformed	2
deposit	2
thresholds	2
consolidating	2
encompasses	2
listing	2
cognition	2
bridging	2
nominal	2
earlier	2
diameters	2
discharges	2
nutritional	2
suspended	2
zeolitic	2
1s	2
1h	2
tractor	2
occupied	2
200	2
203	2
209	2
allophanate	2
shot	2
multicomponent	2
fertilization	2
rotationally	2
rigidly	2
condensing	2
spans	2
considering	2
trialkylsilyl	2
hypogonadism	2
sleeping	2
pressing	2
movements	2
thinning	2
running	2
multiples	2
exfoliated	2
vertically	2
pockets	2
trypsin	2
spline	2
underlayer	2
undrawn	2
exceptional	2
diacetyl	2
alkylaluminium	2
neutralized	2
again	2
microrod	2
covalent	2
children	2
diffuse	2
wsi	2
biological	2
brackets	2
5000	2
cylindrical	2
artiodactyls	2
sidelobes	2
transit	2
uniformity	2
destination	2
endowed	2
constructs	2
polymerisable	2
none	2
remain	2
stacking	2
numbers	2
blood	2
anthraquinones	2
retrieval	2
stains	2
adsorption	2
pcr	2
initializing	2
libido	2
association	2
2a	2
engaging	2
extended	2
projected	2
membered	2
benefits	2
para	2
favorably	2
needle	2
cyclin	2
majority	2
depths	2
services	2
kr	2
ruggedness	2
minimizing	2
212	2
networks	2
dividing	2
lattices	2
ovate	2
keyless	2
gated	2
deactivation	2
vascular	2
floats	2
folding	2
grounded	2
planarizing	2
intracellular	2
secret	2
paraxylene	2
replaces	2
leucocyte	2
forced	2
safe	2
inhibition	2
landmark	2
chemistry	2
exciter	2
clamping	2
composites	2
l14	2
decision	2
l11	2
constraint	2
extensions	2
detachable	2
ketone	2
corners	2
b12	2
uterus	2
pneumoniae	2
unitized	2
vla	2
arrange	2
shock	2
optics	2
retracting	2
uterine	2
healing	2
tantalum	2
normalized	2
arranging	2
decouples	2
delamination	2
multiplication	2
da	2
identifies	2
extinguishing	2
oxynitride	2
approaches	2
afterward	2
vehicular	2
retain	2
wavefront	2
stencil	2
frontside	2
dnas	2
heterocycle	2
completed	2
heterocyclo	2
uda	2
precharges	2
cytoplasmic	2
fermentation	2
misaligned	2
serine	2
slotted	2
alternator	2
ambiguity	2
starch	2
beat	2
aforementioned	2
densities	2
monol	2
calling	2
pyrazoles	2
cycles	2
exists	2
photoacid	2
reproduced	2
reproduces	2
instant	2
overcoat	2
cabled	2
epoxidation	2
benzylidene	2
seats	2
match	2
deployment	2
insert	2
excluding	2
ozone	2
accessible	2
convex	2
proper	2
approximating	2
periodically	2
boards	2
organosilanes	2
unidirectional	2
chloro	2
benzimidazole	2
wise	2
46	2
virtual	2
incubating	2
4b	2
appetite	2
softener	2
rise	2
every	2
interleaved	2
anemia	2
enclosing	2
indolyl	2
pesticidal	2
conduct	2
gyroscope	2
scaffolding	2
phone	2
subphase	2
diphenylmethane	2
arthritis	2
undesired	2
complexity	2
correlation	2
preventive	2
planarzing	2
clk	2
extrusion	2
dyeing	2
magneto	2
dcgs	2
newly	2
grained	2
days	2
neutralizing	2
cementitious	2
glucose	2
organosilicate	2
1612	2
1611	2
fluoroalkyl	2
partition	2
inaccuracies	2
solutions	2
och	2
spite	2
situations	2
540	2
asbestos	2
twice	2
automatic	2
etherified	2
boss	2
contamination	2
protrusions	2
containers	2
lesser	2
motilin	2
exterior	2
peaks	2
numerical	2
cyclo	2
characters	2
ocean	2
multistage	2
possesses	2
proposes	2
transporting	2
modulate	2
hydroxypropylamine	2
5v	2
patching	2
5b	2
57	2
nitridation	2
diluent	2
epimorphin	2
cooper	2
ics	2
deleted	2
lamps	2
discharging	2
epsilon	2
docetaxel	2
paging	2
radically	2
nb	2
substances	2
erosion	2
embodied	2
1804	2
1803	2
uncovered	2
nuclei	2
backward	2
remarkable	2
focus	2
computation	2
remarkably	2
coor	2
quick	2
retroviral	2
metallocene	2
modifying	2
msb	2
polymerizable	2
nursing	2
distillation	2
resistivities	2
branches	2
compressing	2
constituents	2
blocked	2
foldable	2
execute	2
antineoplastic	2
microstructured	2
parallax	2
gram	2
bolts	2
amyloid	2
dimethyl	2
simplified	2
f1	2
recrystallization	2
hub	2
released	2
copy	2
oligonucleotides	2
trimer	2
strengths	2
inks	2
tendon	2
polyisocyanate	2
centrally	2
1828	2
preliminarily	2
1823	2
inhibitory	2
ways	2
circulating	2
1321pb	2
agencies	2
come	2
duty	2
61	2
66	2
pilot	2
refractory	2
kelvin	2
director	2
relief	2
tip	2
differentiation	2
feedforward	2
sampled	2
chelate	2
confines	2
confined	2
mood	2
teachings	2
stops	2
dropped	2
reinforcing	2
mutually	2
concentrations	2
interfacing	2
dispersion	2
cabinet	2
multiplicity	2
dispersibility	2
definitions	2
autoimmune	2
senses	2
asynchronous	2
paddy	2
distamycin	2
surgical	2
yokes	2
hetero	2
urea	2
far	2
supplement	2
ten	2
translating	2
aspartyl	2
condenser	2
metalization	2
identifiable	2
saponified	2
headache	2
appliances	2
stick	2
1320p	2
protons	2
quantizer	2
thrombocidin	2
chlorinated	2
joints	2
interrogator	2
disabled	2
glide	2
framework	2
oppositely	2
aligns	2
induces	2
hydraulic	2
compounding	2
lamina	2
conformally	2
automobile	2
option	2
instruction	2
tongues	2
depleted	2
cyclizing	2
cemented	2
77	2
74	2
73	2
traditional	2
subdivided	2
lying	2
cdr	2
securing	2
heavily	2
hit	2
proteasome	2
wheeling	2
retracts	2
pvc	2
consecutive	2
peeled	2
creating	2
sole	2
spectroscopic	2
mbar	2
finds	2
regulated	2
decline	2
vulcanizing	2
anisotropic	2
pk	2
po	2
flight	2
terpene	2
workmen	2
evaluates	2
cartridge	2
cryogenic	2
265	2
loading	2
modifications	2
separately	2
retro	2
firing	2
dipyrazolo	2
impressed	2
potassium	2
cloth	2
partitioning	2
warning	2
backbone	2
weights	2
demonstrates	2
nanocomposites	2
rigidity	2
dramatically	2
mutation	2
overlaps	2
readout	2
photoresistor	2
ibe	2
planarize	2
traveling	2
pyrrolidin	2
cab	2
stimulating	2
ovarian	2
examination	2
cassette	2
sort	2
moldability	2
vagus	2
anchorage	2
tab	2
sir	2
wrist	2
adcs	2
h1	2
87	2
performs	2
impart	2
pendant	2
repairing	2
embryo	2
hitherto	2
inserting	2
abductions	2
who	2
cracking	2
cube	2
penetrate	2
requirement	2
brominating	2
acquires	2
closer	2
theta	2
variability	2
lanthanides	2
siloxane	2
retrograde	2
narrower	2
environments	2
table	2
tetrafluoride	2
offers	2
shims	2
unlike	2
align	2
largest	2
residing	2
excessive	2
mfi	2
disturbance	2
paclitaxel	2
adjoining	2
haloalkyl	2
phosphoric	2
110	2
11d	2
saddle	2
urged	2
dependency	2
chalcogenide	2
eo	2
registration	2
fired	2
copolymerization	2
phosphorus	2
record	2
graphite	2
carbohydrate	2
precancerous	2
	1
positionings	1
localized	1
oxirane	1
bringing	1
internally	1
fluoroelasomer	1
selections	1
specially	1
incremented	1
tires	1
271	1
her2	1
relieving	1
replaced	1
005	1
phosphorane	1
here	1
reported	1
pericardial	1
pancreas	1
catalyzes	1
symmetrical	1
interferon	1
proximal	1
remnant	1
occupying	1
standardized	1
populations	1
successful	1
hurt	1
reversible	1
91	1
serially	1
94	1
locked	1
blade	1
confining	1
swivel	1
classify	1
minimizes	1
intracytoplasmic	1
recombination	1
orally	1
restriction	1
anilide	1
matures	1
heretofore	1
fix	1
fib	1
undercut	1
miscible	1
interrupt	1
multidimensional	1
disconnection	1
arrow	1
phenylamidines	1
interfering	1
alkylated	1
390	1
emulsified	1
rx	1
gradation	1
corrects	1
knit	1
r3	1
naphthol	1
moment	1
speeds	1
chevron	1
organometal	1
174	1
173	1
bitten	1
glucocorticoid	1
rectifies	1
prosthetic	1
positively	1
270	1
272	1
photolithography	1
antagonistic	1
ests	1
collagenous	1
doors	1
diminishing	1
obsessive	1
erectile	1
incomplete	1
kallikrein	1
circulates	1
underpants	1
maturation	1
olidin	1
aroma	1
salicide	1
ccpa1	1
chromatograph	1
adherence	1
respond	1
precluding	1
traverse	1
di11a	1
pressures	1
preserve	1
claws	1
efferent	1
sacrificing	1
askew	1
genus	1
258	1
259	1
blending	1
253	1
251	1
256	1
254	1
255	1
humectant	1
dispersability	1
interpret	1
diethyl	1
stoichiometric	1
taxane	1
copolymerizes	1
viia	1
070	1
polysulfide	1
conditioned	1
characterize	1
elicit	1
anticipating	1
hedta	1
severity	1
dihydroxylation	1
split	1
templates	1
equalizing	1
inadvertently	1
tops	1
exerted	1
downwardly	1
tune	1
intrusion	1
denaturing	1
quantitative	1
appropriately	1
homogeneity	1
atrial	1
collections	1
irradiates	1
hydroxysteroid	1
elevation	1
shadow	1
disconnects	1
phenylsulphonyl	1
biomolecule	1
affixing	1
enantiomerically	1
subclass	1
fod	1
arthritic	1
isophorone	1
collet	1
dental	1
terminators	1
sol	1
magazines	1
furnishing	1
wrap	1
shoots	1
overhead	1
overhang	1
manufacturers	1
concatenated	1
necessaries	1
soldering	1
accelerate	1
proved	1
sight	1
159	1
158	1
exist	1
cirucit	1
polyestercarbonate	1
floor	1
narrowband	1
benefiting	1
variably	1
15v	1
models	1
nanostructure	1
transporter	1
microlithography	1
reabsorption	1
leucocytes	1
pet	1
equalizer	1
organomagnesium	1
osm	1
osc	1
bifilar	1
stays	1
minute	1
underlaid	1
kneading	1
teat	1
solved	1
findings	1
phosphates	1
parachuting	1
backdrivable	1
realizing	1
continuing	1
understanding	1
commonly	1
crimped	1
nfet	1
rosewood	1
working	1
electrolytic	1
virtue	1
extrudable	1
originally	1
locks	1
238	1
atorvastatin	1
236	1
237	1
s1	1
osteolytic	1
divides	1
antiperspirant	1
correlate	1
wheelchair	1
sclerosis	1
quadrant	1
sa	1
backfilled	1
ringback	1
course	1
fasteners	1
tendency	1
jis	1
torr	1
cryptococcus	1
matches	1
records	1
isolations	1
228	1
instability	1
owing	1
suggesting	1
ultracapacitors	1
possibility	1
complicated	1
training	1
undesirable	1
distal	1
pro362	1
fermentative	1
operably	1
dihydroxy	1
tetrahydro	1
microencapsulated	1
anisotrophically	1
hyperplasia	1
coats	1
tabless	1
soil	1
sac	1
sad	1
say	1
photocatalysts	1
horizontally	1
coincide	1
degassing	1
totla	1
energize	1
phthalimide	1
pyrethrin	1
bright	1
drumhead	1
propyl	1
polyfunctional	1
diphenol	1
intermixed	1
settings	1
hinges	1
vision	1
spheroidal	1
wideband	1
surgery	1
refreshes	1
un	1
enjoys	1
ascribed	1
spark	1
suppressed	1
photoconductivity	1
articular	1
boat	1
tightened	1
polyketide	1
squeezed	1
aluminium	1
hydrolysable	1
engages	1
verified	1
surveillance	1
pushup	1
boosted	1
structurally	1
deflate	1
wired	1
undefined	1
htsl	1
950	1
214	1
215	1
manifold	1
213	1
211	1
rest	1
disperse	1
intergate	1
codec	1
metalloproteinase	1
dark	1
21a	1
decomposes	1
meaning	1
claw	1
glycol	1
satisfactory	1
conditional	1
prophylactically	1
interleukin	1
corrosive	1
ddc	1
910	1
intimate	1
retains	1
ration	1
industry	1
subtilis	1
bjt	1
technically	1
her	1
sloped	1
slopes	1
project	1
microgas	1
mice	1
alkenyloxy	1
regimen	1
dispensing	1
detailed	1
allocator	1
spatial	1
cyanopyrrole	1
sandwiching	1
spgn120312	1
a3	1
a5	1
a4	1
catalytically	1
gastric	1
partitioned	1
adam	1
rxs	1
rxr	1
externally	1
scc	1
redhaven	1
rz	1
tx	1
alkinyloxy	1
te	1
tb	1
degeneration	1
subunits	1
seedbed	1
thermography	1
borrelia	1
103b	1
authenticating	1
abbreviated	1
198	1
194	1
192	1
fractionation	1
telecommunication	1
topcoats	1
scum	1
thymidine	1
pyrolysis	1
voxels	1
welder	1
iminodiacetic	1
methylphosphonates	1
pulls	1
fragrance	1
preloaded	1
octal	1
tester	1
company	1
tested	1
solvates	1
endpoint	1
pd_out	1
triisobutylaluminium	1
resorcinol	1
helicobacter	1
enlarge	1
cyclooxygenase	1
plans	1
thermothickening	1
treatments	1
twisting	1
ortho	1
fundamental	1
cyclopentadienyl	1
replies	1
resurf	1
termed	1
travelling	1
misuse	1
always	1
bends	1
catalogues	1
numeric	1
177	1
coryneform	1
flagella	1
admixtures	1
localization	1
retained	1
carboxy	1
devoid	1
electrocatalyst	1
duroplastic	1
unmanned	1
major	1
forwards	1
preservation	1
feeder	1
unexplained	1
ultrathin	1
moderately	1
adenovirus	1
aver	1
copolymerizable	1
moldings	1
spacings	1
polysaccharides	1
tp4	1
tp3	1
tp2	1
tp1	1
uplink	1
bobbin	1
plan	1
nonpolar	1
pliable	1
blended	1
lengthwise	1
dialcohol	1
columns	1
adheres	1
aralkylamine	1
closely	1
crt	1
cleaving	1
seu	1
potent	1
see	1
sem	1
contour	1
268	1
puncturing	1
currently	1
reflectometry	1
mildew	1
arises	1
evaporated	1
influential	1
phosphorous	1
pde	1
clothianidin	1
bell	1
desktop	1
roofing	1
aspherical	1
padauk	1
adaptable	1
hardness	1
exponential	1
technical	1
optimization	1
mlv	1
formats	1
nucleotides	1
cages	1
swim	1
von	1
prothrombin	1
virtually	1
radionuclide	1
necessity	1
electrolytes	1
allergenic	1
nylons	1
assaying	1
slidably	1
macrocell	1
backscatter	1
blastocyst	1
emanating	1
alkylpolyglycoside	1
consensus	1
individuals	1
novelty	1
linkages	1
efficiencies	1
inclination	1
follicles	1
relating	1
hydrolyzing	1
unintentional	1
locus	1
occupy	1
considerably	1
excavating	1
inches	1
chlorothalonil	1
monascus	1
paired	1
preemptive	1
impn	1
attenuating	1
inkjet	1
likewise	1
globally	1
diverse	1
arg336	1
monocyclopentadienyl	1
retract	1
algorithm	1
electromagnet	1
electroplated	1
retardation	1
fresh	1
adsorbents	1
send	1
uploaded	1
continues	1
manipulated	1
practicing	1
continued	1
minerals	1
magic	1
electrostatographic	1
acetylenic	1
degassed	1
enclosed	1
consistently	1
turnaround	1
slabs	1
anilino	1
proliferation	1
gathered	1
l21	1
bromine	1
let	1
l24	1
consideration	1
boresight	1
cylinders	1
reprocessing	1
tools	1
standing	1
adsorbing	1
piperidine	1
piperidino	1
trichoderma	1
doubling	1
src	1
isolatable	1
occurred	1
nitrile	1
balls	1
erythroid	1
thio	1
weaker	1
hyperproliferating	1
promotional	1
slit	1
leadless	1
especial	1
npn	1
singular	1
clostridium	1
gardner	1
fits	1
610d	1
610c	1
610b	1
610a	1
volts	1
assimilating	1
sucralfate	1
operative	1
decay	1
metallized	1
suppressor	1
establishes	1
reproducing	1
homogeneous	1
nanometers	1
meta	1
polycondensates	1
agriculture	1
reflow	1
overproduction	1
monotosylation	1
tempo	1
peltier	1
leukemic	1
steerable	1
assumed	1
receding	1
stimulate	1
spilt	1
staggered	1
printability	1
blown	1
450	1
polycarbonates	1
percussion	1
cats	1
thermopile	1
stresses	1
argon	1
accompaniment	1
delimits	1
warfare	1
breathable	1
hillocks	1
false	1
shrinks	1
psychoses	1
tetrabromo	1
cyclohexadienone	1
linoleic	1
studying	1
septal	1
orthogonally	1
fact	1
unneutralized	1
centralized	1
rough	1
acrylonitrile	1
steepness	1
circulation	1
thermoset	1
unsubstituted	1
packet	1
slanted	1
textiles	1
interacting	1
veinous	1
releasable	1
keto	1
ca	1
cf	1
ce	1
cd	1
cs	1
sanger	1
keying	1
poured	1
waste	1
melamine	1
chlamydia	1
lymphoid	1
coherence	1
c2	1
c1	1
freewheeling	1
c4	1
80pts	1
aflagellate	1
gamma	1
quanitization	1
ripe	1
delaying	1
vv	1
wallboards	1
lengthening	1
complemented	1
interconnections	1
v2	1
robotic	1
expand	1
antihelminthic	1
magnetization	1
softening	1
flesh	1
metallization	1
rooms	1
amycolatopsis	1
combine	1
cosmetics	1
innocents	1
fluctuating	1
ferritin	1
thrombosis	1
garage	1
backbones	1
mhz	1
opioid	1
asynchronously	1
wetted	1
blowing	1
schedule	1
nonaqueous	1
microbridge	1
curative	1
glasses	1
software	1
subset	1
spunbonding	1
photogate	1
angularly	1
concentrically	1
subcircuits	1
reactivate	1
spots	1
restricts	1
rhythmic	1
pituituary	1
funnel	1
disengaged	1
disengages	1
illustrative	1
fragmentation	1
compute	1
gravitational	1
antireflective	1
recognize	1
graphical	1
denote	1
epithelial	1
compressive	1
trials	1
crystallizing	1
impregnating	1
vein	1
searcher	1
saves	1
desirably	1
integrity	1
cymoxanil	1
triakylsilyl	1
cm3	1
spec	1
chromophore	1
distort	1
peroxidation	1
humidity	1
indices	1
spontaneously	1
filtration	1
incompatible	1
polarity	1
sinks	1
polyoxyalkylene	1
wrapping	1
items	1
study	1
stressed	1
modulates	1
cohf	1
transformant	1
bundled	1
q26404	1
q26403	1
curvature	1
stopps	1
ethoxy	1
worn	1
tnf	1
containment	1
elbow	1
impedances	1
recovers	1
fever	1
movably	1
adif	1
overdressed	1
kluyveromyces	1
imidazolyl	1
pcmcia	1
priming	1
attenuators	1
highlights	1
encapsulates	1
versus	1
amenable	1
anion	1
tampering	1
mrna	1
diverters	1
feeds	1
washfastness	1
logo	1
acetates	1
methyleneoxy	1
synthesizing	1
sliding	1
illustrate	1
microfabrication	1
inflate	1
dogs	1
intestine	1
wasted	1
minus	1
latter	1
subjects	1
correlating	1
mutants	1
conducive	1
troughs	1
claims	1
nocardia	1
accounted	1
diazoquinones	1
804	1
pro245	1
d1	1
hrs	1
adequate	1
rectangle	1
thienyl	1
di	1
scenting	1
downtime	1
cgmp	1
methylphosphonothioate	1
erroneous	1
observer	1
premixed	1
depends	1
caregiver	1
predefinable	1
trialkylsilanol	1
wf	1
ocular	1
tfts	1
coo	1
borates	1
rheological	1
terbium	1
bioavailability	1
ducted	1
characterizing	1
cylinder	1
conh	1
accumulating	1
avoids	1
lithium	1
nir	1
nip	1
trucks	1
1600	1
hypothalamic	1
diffusions	1
athletic	1
victim	1
hermetical	1
clamped	1
alkylphenyl	1
flooring	1
insensitive	1
iduronate	1
lcd	1
lck	1
eroded	1
night	1
cooled	1
sends	1
caliper	1
unnecessary	1
productions	1
dihydroxyalkyl	1
couplable	1
hydroxymethyl	1
polyisoprene	1
marketing	1
accepts	1
eight	1
considerations	1
wasting	1
balanced	1
dehydrogenase	1
people	1
causative	1
221c	1
221b	1
clinical	1
encodes	1
decodes	1
coverings	1
medication	1
computing	1
muscular	1
destructed	1
reality	1
porosity	1
molluscum	1
creep	1
cyclohexane	1
spectrally	1
hemophilia	1
alkyldextran	1
pipestaged	1
phosphorescence	1
interlaced	1
compensate	1
permanently	1
summoned	1
capacitances	1
prophylactic	1
temples	1
penetrated	1
decelerating	1
tapioca	1
assistance	1
foregoing	1
explosion	1
multipole	1
imide	1
polyprotein	1
rubbery	1
polyfluoro	1
dipicolinic	1
101a	1
exiting	1
pathologies	1
regardless	1
f2	1
marked	1
phosphodiesterase	1
ketoiminate	1
rarely	1
live	1
ischemic	1
nonconductive	1
heteroatom	1
instructional	1
graphic	1
cao	1
cam	1
lubricant	1
fracturing	1
styrenic	1
redundancy	1
writs	1
apc	1
staircase	1
deviates	1
antifoam	1
compatibility	1
categorizing	1
ghz	1
accelerated	1
melanine	1
alkoxylate	1
vancomycin	1
freckles	1
comfortableness	1
statistical	1
coli	1
deactivates	1
aligners	1
shaping	1
broadcasts	1
2400	1
triphenylmethyl	1
halr	1
halt	1
rake	1
nisi	1
identically	1
lies	1
bursts	1
entirely	1
ee	1
cycled	1
soy	1
ex	1
year	1
eu	1
polyhydric	1
shadowing	1
pravastatin	1
rll	1
alternatingly	1
marine	1
plastomer	1
511	1
mevastatin	1
striking	1
omitted	1
hemostats	1
angular	1
yin	1
checker	1
blackening	1
sheen	1
asymmetric	1
constitutively	1
impinge	1
accessed	1
decompose	1
remained	1
tetrakis	1
symmetrized	1
offer	1
impairment	1
algebraic	1
mrt	1
tooth	1
mri	1
conservatively	1
cyclically	1
mains	1
stained	1
proportion	1
texture	1
stain	1
maloperation	1
nucleophilic	1
glutathione	1
physically	1
anchored	1
multidot	1
therapies	1
interspace	1
resides	1
nearby	1
fungicides	1
hybrids	1
triboelectrically	1
inexpensively	1
pyridinyl	1
gynecomastia	1
suspected	1
demodulates	1
flexural	1
accommodating	1
demodulated	1
baseplate	1
microarrays	1
metric	1
kolla2	1
develop	1
transplantation	1
followers	1
constitutional	1
micropore	1
ccg	1
livestock	1
death	1
vb	1
versa	1
complements	1
psi	1
dural	1
psa	1
absorptive	1
usefully	1
collective	1
immersing	1
slurries	1
unlocked	1
isobutyl	1
alkanol	1
propagating	1
cleansed	1
fractures	1
braking	1
tdr	1
exciting	1
throw	1
enzymatic	1
greatly	1
antistat	1
inclusion	1
rolling	1
shrinking	1
intervention	1
hertz	1
ethylenediaminetriacetic	1
transitioning	1
tautomers	1
hexamethylenetetramine	1
quantitatively	1
commutating	1
tones	1
momentarily	1
brittleness	1
hospitals	1
acetlymuramic	1
cabinets	1
elemental	1
sanguis	1
hsd1	1
forcing	1
drift	1
60g	1
60f	1
peak	1
60h	1
condensation	1
titration	1
signalling	1
splitting	1
benzotriazole	1
referring	1
icons	1
insulate	1
amplitudes	1
mpa	1
candida	1
nano	1
multiprotocol	1
tracks	1
ureas	1
compairsons	1
granulocyte	1
algae	1
nonsteroidal	1
authorization	1
impulse	1
oxyluciferin	1
latching	1
entrapment	1
vivaldi	1
pushes	1
phosphor	1
tract	1
firmly	1
sealingly	1
processors	1
biopharmaceutical	1
workstation	1
preferential	1
enzymes	1
promotes	1
telephones	1
inline	1
dispersing	1
orexin	1
lasers	1
environmentally	1
deformation	1
pinacolyl	1
hexafluoride	1
thrombi	1
miniaturized	1
tafi	1
unnatural	1
inactivated	1
anhydride	1
dirt	1
houses	1
pseudomonas	1
put	1
gpi	1
insolated	1
persists	1
leading	1
heartbeat	1
undergo	1
liquefied	1
methy	1
obtainable	1
whetstone	1
imidazotriazinones	1
carded	1
contraception	1
alongside	1
karl	1
lie	1
acyclovir	1
constructions	1
dodecaboran	1
watt	1
basal	1
performances	1
do11b	1
tubes	1
hyper	1
phenomenon	1
epitaxal	1
hardener	1
circle	1
repulsing	1
dominant	1
biopsy	1
radiotelephones	1
fluff	1
alteration	1
hypo	1
throwing	1
schizophrenia	1
closo	1
carbamate	1
probable	1
stagnation	1
poorer	1
buzz	1
hydrotalcite	1
complies	1
lauryl	1
homogeneously	1
undulating	1
describes	1
partly	1
packs	1
crack	1
assigning	1
dialing	1
rdson	1
reads	1
ready	1
vibratory	1
hydrofluoric	1
monomeric	1
alkynyl	1
optic	1
counterhoops	1
001	1
dehumidifying	1
luminescence	1
segmented	1
calibrated	1
nitrided	1
distances	1
sulfatase	1
potentiates	1
guarantees	1
evaluate	1
ethylenebis	1
hydroxybutyric	1
overriding	1
immunization	1
mathematical	1
economic	1
passageways	1
3e18	1
imidazole	1
planographic	1
nerves	1
ids	1
purine	1
frost	1
specialty	1
rectifiers	1
utc	1
microorganisms	1
hybridized	1
titanim	1
tricyclic	1
instrumenting	1
kidney	1
hydrates	1
pp60	1
aporous	1
assayed	1
graphically	1
correlated	1
conductivities	1
concentratedly	1
emulsifying	1
gf	1
ionize	1
sulfonamides	1
speakerphone	1
infinite	1
g1	1
enforce	1
opaque	1
macrophages	1
cryopreservation	1
polyoxybutylene	1
multielement	1
dosage	1
maneuverability	1
frictional	1
danger	1
diamine	1
ligament	1
singing	1
optimizing	1
formally	1
mismatch	1
lovastatin	1
socket	1
solubilizing	1
dyestuffs	1
pulling	1
skirt	1
topcoating	1
defective	1
integrators	1
elliptical	1
aureus	1
phosgene	1
rays	1
imparted	1
anthracis	1
sperm	1
anticoagulant	1
enclose	1
facilitates	1
temporal	1
gels	1
divider	1
neoformans	1
electrocatalytically	1
measure	1
transitions	1
ejecting	1
cd40l	1
oxo	1
ecc	1
eco	1
discontinuity	1
diagonal	1
caregivers	1
devolatilized	1
hexadecimal	1
alkynyloxy	1
devolatilization	1
possessing	1
powerful	1
unsupported	1
randomized	1
bears	1
revealed	1
unequivocal	1
interlocks	1
adjoins	1
attach	1
wrapped	1
prone	1
diacetylchitobiase	1
chemicals	1
updating	1
bet	1
pvd	1
enforced	1
lightly	1
exfoliating	1
tabs	1
reorders	1
constrained	1
microphone	1
microswitches	1
instance	1
pivotal	1
copolymerisable	1
mange	1
mucor	1
upset	1
suture	1
nonconjugated	1
herbicidal	1
enatiomerically	1
befilled	1
halting	1
rectum	1
sh3	1
fiberglass	1
inherited	1
attained	1
slows	1
hyperparathyroidism	1
125	1
dishing	1
computed	1
burying	1
hardwood	1
lyme	1
computes	1
timeliness	1
interfere	1
strains	1
refraction	1
sensitizer	1
harmonic	1
erased	1
sarm	1
polyoxypropylene	1
treat	1
sart	1
farnesyl	1
binning	1
styrenes	1
synergistically	1
exerts	1
examined	1
swellable	1
conical	1
generic	1
obstacles	1
displacing	1
paraffinic	1
collimating	1
collectin	1
resiliently	1
enterococci	1
pyrazine	1
lookup	1
aerial	1
262	1
261	1
burden	1
269	1
tialn	1
di12a	1
hydrolyzed	1
glycoprotein	1
microcircuit	1
carbonitride	1
cradle	1
limitations	1
glycosylphosphatidylinositol	1
chokes	1
045	1
indented	1
hypothenar	1
semisynthetic	1
myeloid	1
equally	1
electromagnetophoretic	1
attains	1
scanner	1
synthesized	1
museum	1
hemopoietic	1
hz	1
north	1
hazardous	1
ht	1
tapers	1
photoconductive	1
brick	1
dma	1
monoindenyl	1
nucleating	1
spectrometry	1
intersects	1
exogenous	1
dithiocarbamate	1
envisaged	1
parathyroid	1
jamming	1
expressible	1
stam	1
macrophage	1
iodo	1
ta	1
persistent	1
multichip	1
indirectly	1
isotropically	1
calculate	1
methylphosphonate	1
antiferromagnetically	1
preprocess	1
p2	1
predefines	1
tropsch	1
updates	1
convenience	1
cholesterol	1
uncovers	1
lights	1
devitrification	1
singulating	1
gelated	1
inwardly	1
amidoxime	1
vintages	1
transfected	1
indentation	1
adopting	1
digitally	1
sliced	1
specifics	1
arms	1
mwd	1
warp	1
warm	1
adult	1
niobium	1
foliage	1
fosetyl	1
involve	1
crystallized	1
nitrogens	1
aging	1
silicidation	1
restenosis	1
sheltering	1
differently	1
delimiting	1
polyalcoholization	1
chlamydial	1
olfaction	1
aids	1
contagiosum	1
rivets	1
245	1
244	1
247	1
246	1
243	1
242	1
entrap	1
249	1
248	1
stirrers	1
starts	1
cocatalyst	1
iso	1
disilicide	1
grade	1
birch	1
synthesize	1
robust	1
interleavably	1
twisted	1
dwell	1
caulks	1
p56	1
matting	1
anxiety	1
matter	1
resinous	1
surgey	1
fibroid	1
impurities	1
replenisher	1
torsional	1
assisting	1
specification	1
waveforms	1
judged	1
planarizes	1
disconnecting	1
reconstruction	1
microcrystals	1
comply	1
polycondensated	1
mature	1
vented	1
underarm	1
pyridazine	1
releasably	1
vitamin	1
unpatented	1
notched	1
contribution	1
appeared	1
tint	1
regenerate	1
tine	1
ethers	1
studs	1
quantities	1
167	1
mcp	1
tang	1
originate	1
compatilizer	1
io	1
lacking	1
outdiffused	1
pharmacological	1
weakly	1
programs	1
hardenable	1
803	1
801	1
807	1
806	1
transforms	1
yet	1
impending	1
phenylmethyl	1
ducts	1
background	1
supervisory	1
rubidium	1
deal	1
formulas	1
elderly	1
rever	1
statistic	1
extractant	1
tracked	1
deflector	1
oxetine	1
metastatic	1
selectable	1
hydroxycaproic	1
heparin	1
polyvinylidene	1
ribs	1
ribe	1
thinner	1
reflowed	1
thinned	1
substitutions	1
erythritol	1
k10	1
nicotinic	1
garments	1
diaper	1
imbibing	1
227	1
223	1
220	1
cyclohexyl	1
crosslinker	1
originating	1
sticks	1
biotechnological	1
mmps	1
marking	1
locality	1
willebrand	1
transfers	1
potato	1
stripping	1
meander	1
customary	1
relieve	1
primed	1
retention	1
depend	1
neuropeptides	1
monotonically	1
marks	1
merit	1
materialize	1
staples	1
accidentally	1
item	1
dispersible	1
dip	1
anesthetic	1
epitaxially	1
measurable	1
epoxidized	1
eating	1
international	1
unrestricted	1
phenylamine	1
transportation	1
oxido	1
superconductor	1
wait	1
spheres	1
conveniently	1
merely	1
electromagnetics	1
cooperates	1
pseudoallescheria	1
polymerizations	1
bioterrorism	1
adherability	1
rigid	1
hexane	1
walled	1
apparant	1
thicknesses	1
burgdorferi	1
spanning	1
arsenide	1
anabolic	1
146	1
staying	1
inflamation	1
141	1
max	1
mac	1
snr	1
facile	1
maybe	1
elongation	1
downsized	1
coercivity	1
differs	1
137	1
blends	1
sensitized	1
leds	1
obviates	1
rock	1
ascribable	1
abnormal	1
pmpn	1
mechanisms	1
piperidin	1
immiscible	1
collimators	1
advance	1
925	1
rewrites	1
fusing	1
polyhydroxyalkanoate	1
mammary	1
discharged	1
1r	1
ketones	1
1c	1
participated	1
1l	1
eyes	1
iict	1
hydroxystyrene	1
cracks	1
venturi	1
nucleosides	1
compatibilizer	1
metalized	1
converged	1
207	1
formulae	1
morpholine	1
radioligand	1
morpholino	1
rating	1
filed	1
pichia	1
elevate	1
drawings	1
formyl	1
ile562	1
curled	1
processibility	1
analytic	1
contracts	1
satiety	1
ionized	1
distinctly	1
median	1
medial	1
threading	1
finishing	1
milling	1
crusher	1
radiated	1
affordable	1
solublized	1
parent	1
triamine	1
fluctuations	1
bioactive	1
3t1c	1
monomethyl	1
attaching	1
fade	1
neurovirulent	1
dramatic	1
isolator	1
epidermis	1
subtitution	1
profiles	1
associates	1
ongoing	1
1100	1
investigating	1
polyene	1
coch	1
eventually	1
bags	1
harsh	1
circularly	1
configurable	1
decompress	1
acryloyl	1
solve	1
clogging	1
fueling	1
adrenal	1
prunus	1
glucosaminidases	1
organometallic	1
pill	1
mox	1
orthopedic	1
moc	1
latencies	1
polyalkyleneimine	1
epitope	1
undifferentiated	1
saccharomyces	1
galvanic	1
toners	1
europium	1
moderate	1
hardback	1
broken	1
amides	1
refers	1
stations	1
fringe	1
diketonate	1
acyclic	1
spreading	1
actuate	1
labelling	1
granules	1
dampers	1
transgenes	1
caibe	1
flex	1
preheated	1
lifetime	1
flavus	1
assessing	1
prism	1
opacity	1
shiftable	1
important	1
inhibited	1
alerting	1
encapsulation	1
prolongs	1
responsiveness	1
preserved	1
sitting	1
niti	1
bypasses	1
zygote	1
periodontal	1
reactivation	1
knitted	1
overlie	1
ribbon	1
lactamase	1
waals	1
r26462	1
oxymethylene	1
commercially	1
900	1
dowels	1
multiplex	1
quotient	1
endothelial	1
establish	1
pharmacogenomic	1
hillock	1
wiped	1
tacks	1
piperazine	1
der	1
triazolyl	1
sudden	1
silanol	1
compare	1
share	1
cation	1
wsixny	1
needs	1
compositionally	1
coming	1
surfactants	1
bloom	1
meltblowing	1
toughening	1
coal	1
rounded	1
hyaluronic	1
arta	1
destructively	1
arteries	1
microscopic	1
antithrombin	1
pyrethroid	1
sulfides	1
2v	1
affixation	1
2r	1
2s	1
2l	1
2h	1
subsystem	1
multiphase	1
energization	1
harc	1
idea	1
orient	1
omi3	1
omi1	1
quince	1
pleasant	1
mmh	1
acetyl	1
pilots	1
instances	1
koh	1
smoothes	1
182	1
181	1
186	1
185	1
188	1
motility	1
lectin	1
esterified	1
interactive	1
orders	1
onset	1
build	1
serve	1
hstl	1
refrigerator	1
organism	1
methanesulfonamide	1
isentropic	1
scattered	1
generators	1
dysfunctional	1
merged	1
matte	1
cheaper	1
theft	1
oxaphospholane	1
whitening	1
doublet	1
pneumatic	1
changeable	1
expert	1
please	1
halves	1
burned	1
responses	1
foreign	1
suede	1
recyclability	1
consume	1
recycling	1
dietary	1
unsuccessful	1
perspectives	1
screened	1
microfluidic	1
ensured	1
antichlamydial	1
microspheres	1
gan	1
gag	1
fur	1
cluster	1
decoration	1
counteracting	1
irradiate	1
hydrosilylation	1
benign	1
fibrosis	1
cesium	1
osteoarthritis	1
therebeneath	1
nucleophile	1
motionless	1
spent	1
ldl	1
letting	1
isopropyl	1
snap	1
rebound	1
judgement	1
bitstreams	1
cognitive	1
follows	1
indication	1
rheumatoid	1
unhindered	1
amyotrophic	1
often	1
collectors	1
oscillations	1
scrim	1
endotoxic	1
ped	1
nondestructive	1
309	1
s11	1
307	1
chargeable	1
readability	1
omi2	1
slings	1
c26466	1
nse	1
assessed	1
subcellular	1
benzyl	1
planer	1
captively	1
precipitated	1
singly	1
titer	1
prevail	1
emanates	1
inchworm	1
accidental	1
aggregates	1
beol	1
compliantly	1
failures	1
bandgap	1
phosphorescent	1
golfer	1
monolithically	1
presently	1
implicitly	1
915	1
molar	1
staffs	1
hardening	1
androgenic	1
crop	1
strategically	1
replicated	1
3v	1
pinhole	1
jointly	1
packing	1
others	1
oxidative	1
sing	1
imperfections	1
extreme	1
39	1
implement	1
depressant	1
intercalator	1
basestation	1
clocking	1
cho	1
leakages	1
oleic	1
discontinuously	1
account	1
overcurrent	1
neuropeptide	1
desorption	1
proportions	1
sanding	1
reconstructed	1
interlevel	1
furnace	1
feti	1
scalable	1
communicator	1
vitronectin	1
correspond	1
carding	1
chief	1
lined	1
crosstalk	1
oral	1
whereof	1
marsh	1
bridged	1
dam	1
inductively	1
wheatstone	1
day	1
serpentine	1
radiant	1
sealants	1
programmed	1
calibrate	1
huntington	1
stub	1
mate	1
thereupon	1
retrieved	1
microlathe	1
likelihood	1
retrieves	1
deprived	1
alkyne	1
cures	1
dextrin	1
south	1
indeno	1
arterial	1
thermostability	1
strategic	1
lagging	1
multilayered	1
programmably	1
pots	1
aminoethyl	1
integrins	1
gear	1
xylophone	1
flashes	1
comfortably	1
326	1
mis	1
proinflammatory	1
propagate	1
payment	1
adipose	1
contaminant	1
shutoff	1
thicker	1
coloring	1
equilibrium	1
regularly	1
polyurethane	1
overetched	1
unauthorized	1
propanol	1
fixes	1
stamper	1
conform	1
heatable	1
dislodge	1
wc	1
peripherally	1
difficulties	1
hydoxyspiro	1
alveolar	1
vre	1
freely	1
unitarily	1
phe3o9	1
transferase	1
thereover	1
retransmissions	1
photodetecting	1
reagenst	1
assert	1
finished	1
axle	1
homes	1
biopolymer	1
plain	1
au	1
extracts	1
13b	1
regression	1
antihypercholesterolemic	1
finite	1
reporting	1
ascorbic	1
insure	1
retard	1
kidnappings	1
muscle	1
abutment	1
usual	1
lake	1
characteristically	1
tests	1
qualitative	1
displaces	1
audible	1
discontinuities	1
constructively	1
supportive	1
chains	1
slight	1
eases	1
dataset	1
chronic	1
bug	1
handset	1
pid	1
phenoxy	1
periods	1
pit	1
48	1
ultracapacitor	1
ingestion	1
trivalent	1
tetrafluoro	1
augmentation	1
4a	1
implants	1
limiter	1
crts	1
demagnetization	1
phosphatidylinositol	1
exempt	1
marimba	1
cytotoxic	1
softened	1
upstream	1
street	1
organisms	1
caprolactone	1
ventilators	1
proportioned	1
changer	1
stray	1
deoxidized	1
diabetes	1
discrepancies	1
redox	1
dicarba	1
correspondingly	1
md	1
carbenium	1
mi	1
endogenous	1
deficiencies	1
mp	1
mr	1
nonstructural	1
schistosoma	1
pliability	1
toxic	1
meso	1
threonine	1
amid	1
aldol	1
executed	1
fall	1
executes	1
replicating	1
fittings	1
expectations	1
402	1
401	1
photodiodes	1
chromatography	1
neurological	1
echo	1
rental	1
crunchy	1
lasting	1
naphthyl	1
laid	1
associate	1
polarize	1
parkingson	1
mononuclear	1
silicate	1
immunogenic	1
notching	1
inexpensive	1
correctness	1
nonconducting	1
already	1
rewritten	1
immunoassay	1
confirming	1
too	1
servo	1
brushes	1
leaking	1
repeatably	1
roles	1
divisible	1
circulate	1
plasmin	1
fashion	1
azeotropic	1
raw	1
thorough	1
effectiveness	1
complexed	1
bst	1
preset	1
parting	1
glow	1
gdept	1
regards	1
heterocyclopentadienyl	1
crankshaft	1
contacted	1
reductions	1
arrayed	1
analogue	1
availability	1
enolate	1
enones	1
delays	1
ocd	1
despite	1
fabrics	1
nut	1
vbat	1
submitted	1
disturbing	1
cofactor	1
808	1
mud	1
finger	1
365	1
360	1
discovery	1
cervix	1
adapting	1
biologically	1
jelly	1
disengage	1
excipients	1
viruses	1
dissipating	1
bathroom	1
drugs	1
147	1
preincubation	1
gp130	1
inventory	1
screw	1
monotonic	1
toxicity	1
possessed	1
crosslinks	1
incapable	1
colorfastness	1
persica	1
scaffolds	1
functionally	1
vibration	1
noncoordinating	1
5a	1
breaks	1
glucosamine	1
nitriding	1
judge	1
burns	1
hydoxy	1
53	1
arbitrary	1
valence	1
indirect	1
exotoxin	1
reprogrammable	1
420	1
hsg	1
bromate	1
astm	1
limitation	1
choke	1
caulk	1
improvidently	1
wirings	1
uncontrolled	1
accommodate	1
penetrability	1
rely	1
oxyzirconnium	1
etchback	1
stuck	1
lanthanide	1
litao	1
hear	1
satisfactorily	1
sustained	1
azetidine	1
simplifying	1
sealant	1
proliferative	1
telemetry	1
tin	1
cleaners	1
ns	1
pyrrol	1
1800	1
benzopyran	1
stacks	1
rom	1
obviate	1
polybutadiene	1
promoting	1
widthwise	1
congregation	1
tanks	1
emphasized	1
cooh	1
cool	1
excipient	1
addressable	1
dries	1
sharpless	1
widened	1
endangering	1
stands	1
biocompatibility	1
reply	1
adhesiveness	1
delimited	1
52b	1
overrides	1
timings	1
cetyltrimethylammonium	1
handler	1
lcds	1
flapping	1
modifies	1
usability	1
isomer	1
polycondensation	1
stroke	1
celsius	1
innumerable	1
mgo	1
methoxy	1
motorists	1
informs	1
ligated	1
anodes	1
auxin	1
exclusive	1
journaled	1
aalkylamine	1
furnished	1
passivated	1
mainly	1
displayable	1
furnishes	1
motions	1
noncontact	1
supplemented	1
apex	1
metabolizing	1
optimizable	1
evolution	1
underneath	1
refrigerated	1
cuzn	1
stabilize	1
microstructures	1
u26404	1
weighted	1
distributor	1
approximated	1
ultimately	1
100k	1
mnal	1
dehydrated	1
anorexia	1
bicarbonate	1
ascertain	1
dispatches	1
accommodation	1
indenyl	1
swing	1
1003	1
221a	1
stimulation	1
organosilane	1
gid	1
sstl	1
hardwired	1
season	1
bulking	1
fracture	1
polyalcohol	1
falls	1
lactones	1
escherichia	1
prober	1
adopt	1
pores	1
trafficking	1
slope	1
furanyl	1
cheap	1
homologs	1
downset	1
explicitly	1
bolometer	1
reveal	1
reoxidation	1
signs	1
substitutent	1
photoinitiators	1
reproducible	1
dextran	1
cycloalkylsulphonyl	1
acquiring	1
pests	1
propagation	1
subthreshold	1
pot	1
colony	1
63	1
69	1
anticoagulants	1
508	1
509	1
507	1
6f	1
borate	1
careful	1
comonomers	1
embodying	1
tunneling	1
procoagulant	1
reflectance	1
constriction	1
events	1
conductore	1
biocompatible	1
footprint	1
implements	1
threaded	1
guides	1
captured	1
microgel	1
macroencapsulation	1
decompression	1
microelectromechanical	1
carpeting	1
heterozygous	1
accepted	1
isomers	1
towel	1
clays	1
depletion	1
communicate	1
galactomannan	1
beans	1
stents	1
stand	1
spinal	1
accounts	1
hazards	1
illuminated	1
biphase	1
faster	1
complexing	1
protrudes	1
colon	1
symbol	1
bounded	1
directory	1
confers	1
equilaterals	1
seals	1
disc	1
superalloy	1
follow	1
disk	1
alr	1
fluorophore	1
shrinkable	1
activities	1
fak	1
stimulus	1
list	1
coforming	1
sutures	1
electroless	1
sun	1
capaciflector	1
brief	1
overload	1
intersect	1
aldehydes	1
compresses	1
conditioning	1
binders	1
novolak	1
texts	1
inlay	1
grafts	1
markets	1
flap	1
stethoscope	1
porphine	1
stereoisomers	1
equation	1
irritations	1
cleansing	1
influences	1
mould	1
concentrating	1
automobiles	1
shore	1
reversing	1
thioxo	1
reactant	1
varactor	1
inward	1
mattress	1
might	1
alter	1
carboxyphenyl	1
accumulate	1
smoothness	1
cycloalkylalkyl	1
refresh	1
tetrachlorosilane	1
malfunction	1
absorb	1
triisocyanates	1
compatibilizers	1
penicillium	1
enveloping	1
monofluorenyl	1
relate	1
feet	1
icp34	1
impairing	1
183	1
hangs	1
jackknifing	1
cavitation	1
positionable	1
alumina	1
pipelined	1
kind	1
throttle	1
pairwise	1
metathesis	1
dispenser	1
vanes	1
chelated	1
heteroaralkylamine	1
recombinantly	1
reach	1
adder	1
71	1
dissolved	1
notch	1
subpopulations	1
ctab	1
cdk	1
cdnas	1
melody	1
simulating	1
ies	1
carboxylate	1
bfu	1
his	1
dose	1
hydroscopic	1
coti	1
prescribing	1
apparatuses	1
chambers	1
glabarata	1
numerous	1
naphthalenyl	1
creatine	1
opposition	1
sols	1
prescription	1
context	1
reasons	1
pr	1
political	1
strategy	1
pc	1
hydrophillic	1
gemdimethyl	1
pyrrolyl	1
p1	1
batch	1
evaluated	1
probabilistically	1
vibrating	1
rie	1
lengthy	1
authenticated	1
do12b	1
orientated	1
literature	1
cement	1
lysophospholipase	1
mips	1
263	1
abnormality	1
machinery	1
competitive	1
huffman	1
exclusively	1
gemm	1
pattering	1
boost	1
benzoylisoxazoles	1
pyrimidin	1
phosphors	1
cofe	1
unstable	1
essential	1
empn	1
transductant	1
photoelectron	1
diaminopimelic	1
intense	1
fumigatus	1
repulsion	1
dialog	1
complementing	1
benzene	1
microorganism	1
resilience	1
premenstrual	1
question	1
redeposited	1
analyze	1
plasticizer	1
criteria	1
repeatedly	1
upright	1
crane	1
raising	1
dipropylene	1
francium	1
strands	1
called	1
rainbow	1
employment	1
endurance	1
cyclohexylethanone	1
grouped	1
shallower	1
donative	1
vice	1
pyrr	1
ternary	1
contributions	1
endocarditis	1
issues	1
overbraid	1
spool	1
wishes	1
moulding	1
cfg	1
cfr	1
impregnability	1
find	1
equ1	1
bulimia	1
pushing	1
wraps	1
cozr	1
perforation	1
nervous	1
cyclohexenylethanone	1
figure	1
women	1
tinted	1
stabilizes	1
stabilizer	1
tap	1
tar	1
etchant	1
united	1
sic	1
occuring	1
sih	1
sio	1
fuser	1
hazard	1
discomfort	1
productive	1
magnetizations	1
interrupted	1
gancyclovir	1
contaminates	1
133	1
132	1
131	1
looks	1
134	1
boosts	1
contaminated	1
underwater	1
fluoropolymers	1
estimating	1
biomedical	1
resistively	1
inconsistencies	1
13c	1
1700h	1
1700l	1
13e	1
13d	1
practice	1
pyridin	1
satellites	1
impaired	1
frictionally	1
trimmed	1
beveled	1
dichlorophenyl	1
88	1
89	1
86	1
84	1
cerebral	1
integrates	1
proviso	1
maintains	1
monodispersed	1
184	1
synchronously	1
boil	1
shelf	1
slides	1
constituent	1
esterifying	1
bismuth	1
65b	1
summoning	1
65a	1
richer	1
discriminating	1
whenever	1
blip	1
wettable	1
oozing	1
rectangularly	1
medicaments	1
centre	1
harmful	1
lidocaine	1
refreshing	1
archiving	1
fountain	1
hierarchical	1
oscillates	1
stove	1
longevity	1
hc	1
albicans	1
ear	1
6000	1
thousands	1
biaxially	1
alkanediyl	1
coordinating	1
avoidance	1
brain	1
eccentrically	1
comonomer	1
predictive	1
closes	1
gtoreq	1
antiarrhythmic	1
premises	1
complement	1
pants	1
fibrinolysis	1
withstanding	1
cycloalkylcarbonyl	1
antioxidant	1
pulmonary	1
cavities	1
subsurface	1
linearity	1
interrupts	1
ensuring	1
commutated	1
alkoxysilane	1
wild	1
medicinal	1
ringing	1
pro301	1
isdn	1
warming	1
unsown	1
timbre	1
aminoester	1
firstly	1
salicidation	1
bending	1
dressings	1
mixedly	1
capabilities	1
halo	1
saturation	1
wavefronts	1
oxetane	1
simvastatin	1
arylsulphonyl	1
polyolefins	1
solutes	1
loses	1
luminal	1
mattresses	1
kda	1
silicided	1
111	1
119	1
leaf	1
leak	1
lean	1
phosphodiesterases	1
tumorous	1
dependence	1
carries	1
customizing	1
urges	1
monocyclic	1
consecutively	1
hitting	1
van	1
triggered	1
corneal	1
automated	1
squeeze	1
demonstrate	1
stirring	1
plybond	1
airlaying	1
et	1
polyphase	1
mutual	1
immobilized	1
sicl	1
sustains	1
inherently	1
radiolabeled	1
races	1
heida	1
