the	1013
a	775
of	454
and	374
to	340
is	221
an	199
in	160
for	157
first	98
with	92
signal	86
that	83
antenna	82
or	80
second	77
by	74
data	73
on	72
are	61
system	56
having	55
at	54
one	53
as	50
input	49
device	49
includes	46
from	45
which	45
be	44
each	42
has	40
unit	37
position	35
circuit	32
output	32
display	32
between	31
method	31
location	31
signals	28
can	27
1	27
power	27
into	27
vehicle	26
coupled	25
section	25
user	25
connected	25
pressure	25
magnetic	24
end	24
formed	24
electrical	24
least	24
portion	24
plurality	23
two	23
video	23
when	23
may	22
sensor	22
light	22
detection	21
time	21
such	21
order	20
rf	20
said	20
receiving	20
receiver	19
2	19
provided	19
invention	19
terminal	19
frame	19
wire	19
converter	19
other	19
object	18
received	18
n	18
digital	18
predetermined	18
response	18
used	18
source	18
bit	18
element	18
amplitude	18
tire	18
module	17
direction	17
case	17
through	17
including	17
frequency	17
based	17
target	16
support	16
current	16
so	16
more	16
information	16
within	16
comprising	16
controller	16
member	16
points	15
contact	15
switching	15
transponder	15
also	15
processing	15
apparatus	15
control	15
image	15
state	15
assembly	14
communication	14
further	14
d	14
wave	14
transmission	14
surface	14
slave	14
upon	14
parallel	13
distance	13
switch	13
being	13
using	13
determine	13
field	13
generated	13
transmitter	13
pattern	13
tree	12
technique	12
comprises	12
disposed	12
dimensional	12
loop	12
associated	12
modulator	12
this	12
present	12
layer	12
example	11
reference	11
three	11
magnet	11
configured	11
than	11
s	11
4	11
provides	11
measuring	11
low	11
film	11
remote	11
tracking	11
analog	11
higher	11
range	11
code	11
substrate	11
third	10
metal	10
conductive	10
along	10
memory	10
3	10
20	10
positioned	10
transmitting	10
set	10
connection	10
body	10
selection	10
handle	10
means	10
placed	10
function	10
selected	9
provide	9
side	9
thereof	9
another	9
radio	9
been	9
satellite	9
form	9
wireless	9
polypeptide	9
non	9
thereby	9
equipment	9
line	9
relative	9
screen	9
according	9
external	9
alarm	9
storage	9
mounted	9
energy	9
encoding	9
finding	9
wherein	9
serial	9
located	9
material	9
front	9
electrically	9
sequence	9
processor	9
above	8
type	8
movable	8
then	8
network	8
phase	8
coil	8
probe	8
hand	8
microcontroller	8
zone	8
address	8
stream	8
monitoring	8
filter	8
conversion	8
disclosed	8
these	8
without	8
area	8
cpu	8
th	8
operating	8
detecting	8
number	8
generate	8
temperature	8
internal	8
transmits	8
structure	8
amplifier	8
waveguide	8
36	8
embodiment	8
integrated	8
electrodes	8
their	8
have	8
request	8
words	8
computer	8
configuration	8
parts	8
sets	8
40	8
air	7
description	7
array	7
master	7
adapted	7
interest	7
unique	7
electromagnetic	7
box	7
conductor	7
sigma	7
capable	7
bias	7
transceiver	7
coordinate	7
generator	7
either	7
change	7
appliance	7
m	7
portable	7
via	7
door	7
its	7
24	7
positioning	7
gps	7
during	7
common	7
circulator	7
methods	7
30b	7
delta	7
use	7
sensors	7
dielectric	7
out	7
plural	7
detector	7
face	7
beam	7
value	7
supply	7
increased	7
like	7
ring	7
coupling	7
pulse	6
adjacent	6
keyboard	6
substantially	6
insulation	6
tool	6
10	6
receives	6
applied	6
if	6
wheel	6
security	6
core	6
stages	6
interval	6
level	6
badge	6
reflector	6
not	6
substrates	6
wide	6
held	6
period	6
sampling	6
planar	6
characteristics	6
band	6
rear	6
decomposition	6
conducting	6
strip	6
wiper	6
operation	6
driven	6
built	6
electric	6
cover	6
activity	6
both	6
load	6
described	6
generating	6
microstrip	6
measured	6
38	6
larger	6
gene	6
plate	6
high	6
circular	6
transmitted	6
length	6
providing	6
viewer	6
thereto	6
ends	6
dual	6
radiation	6
party	6
sensing	6
soft	6
noise	6
gain	6
whether	6
activation	5
decoding	5
path	5
k	5
verify	5
charging	5
thereon	5
primary	5
electronic	5
outputting	5
sound	5
subject	5
basis	5
projection	5
homing	5
track	5
reducing	5
attached	5
port	5
values	5
septum	5
coordinates	5
size	5
molded	5
coefficients	5
locations	5
channel	5
pair	5
mounting	5
different	5
media	5
same	5
driver	5
identifiers	5
reduced	5
excitation	5
zero	5
ceramidase	5
conventional	5
comparing	5
respective	5
geographic	5
detected	5
base	5
mobile	5
part	5
access	5
connections	5
point	5
casing	5
while	5
error	5
lower	5
comprise	5
30a	5
connecting	5
block	5
up	5
single	5
polygon	5
button	5
35	5
windings	5
process	5
profile	5
subsequently	5
determining	5
times	5
angle	5
mechanism	5
radiating	5
electrode	5
closed	5
wall	5
respect	5
addition	5
corresponding	5
units	5
off	5
breaker	5
stored	5
host	5
weather	5
housing	5
inner	5
made	5
pin	5
calibration	5
circuitry	4
segments	4
horn	4
residual	4
active	4
indicates	4
preferably	4
machine	4
after	4
operations	4
directional	4
acoustic	4
bond	4
magnets	4
driving	4
moving	4
onto	4
top	4
ranging	4
strength	4
13	4
preferred	4
cushion	4
testing	4
pads	4
cut	4
coherent	4
identify	4
passive	4
indicative	4
specific	4
bottom	4
obtaining	4
compression	4
width	4
portions	4
inside	4
devices	4
no	4
setting	4
interferometric	4
longer	4
layers	4
0	4
connector	4
cap	4
sps	4
sample	4
space	4
internet	4
structured	4
structures	4
11	4
12	4
15	4
14	4
19	4
buffer	4
printed	4
only	4
latch	4
region	4
constant	4
amino	4
combined	4
minimize	4
real	4
around	4
velocities	4
classified	4
springs	4
reduce	4
monopole	4
5	4
ptc	4
difference	4
pass	4
implantable	4
ahead	4
elongated	4
integrator	4
coupler	4
collision	4
installed	4
radar	4
wires	4
measurement	4
members	4
optical	4
determined	4
relation	4
locating	4
dipole	4
selectively	4
interface	4
rotatable	4
look	4
person	4
contacts	4
digitized	4
pipeline	4
circuits	4
verification	4
generates	4
include	4
indicating	4
cell	4
respectively	4
desired	4
objects	4
integrating	4
induction	4
lines	4
alloy	4
move	4
decat	4
dac	4
mode	4
accuracy	4
timing	4
operated	4
bulk	4
improved	4
multi	4
thus	4
ball	4
collar	4
well	4
voltage	4
web	4
lattice	4
adc	4
therein	4
fusible	4
ridge	4
cells	4
converted	4
distribution	4
patches	3
under	3
force	3
101	3
smoke	3
mu	3
answer	3
types	3
therebetween	3
capacitors	3
over	3
combination	3
they	3
alternately	3
bits	3
relatively	3
fitted	3
menu	3
dermatitis	3
report	3
covering	3
fields	3
result	3
exemplary	3
perform	3
atopic	3
plates	3
possible	3
apart	3
steps	3
post	3
presence	3
authorized	3
maximum	3
compartment	3
covers	3
trip	3
variable	3
packets	3
reception	3
push	3
spaced	3
die	3
upper	3
filler	3
supporting	3
useful	3
performed	3
secured	3
pins	3
spot	3
produce	3
liquid	3
cascade	3
shield	3
group	3
terminations	3
receipt	3
monitors	3
resonators	3
place	3
open	3
plastic	3
broadcast	3
holder	3
16	3
pre	3
potential	3
performance	3
multiple	3
probes	3
slot	3
lug	3
geo	3
surfaces	3
subsequent	3
opening	3
21	3
filtering	3
pole	3
tuning	3
readings	3
wake	3
middle	3
slug	3
components	3
model	3
aspect	3
coaxial	3
reduces	3
comparison	3
central	3
operator	3
start	3
actuator	3
impedance	3
ad	3
included	3
u	3
proximate	3
causes	3
condition	3
situated	3
clock	3
component	3
capacitor	3
particular	3
producing	3
scan	3
communicating	3
plane	3
short	3
systems	3
return	3
st	3
navigational	3
7	3
evaluation	3
feed	3
utilizes	3
polarized	3
leakage	3
insulative	3
velocity	3
indicator	3
beams	3
enabled	3
arm	3
various	3
quantization	3
initiation	3
maintenance	3
collected	3
firm	3
omnidirectional	3
herein	3
read	3
triangulation	3
viewing	3
levels	3
shape	3
electromagnets	3
loss	3
communications	3
back	3
flux	3
measurements	3
integration	3
peach	3
elements	3
e	3
holes	3
opposing	3
magnetically	3
existing	3
cellular	3
acid	3
click	3
32	3
opamp	3
consumption	3
camera	3
carrying	3
antennas	3
effectively	3
arrangement	3
allow	3
cutting	3
transparent	3
valve	3
vco	3
priority	3
arranged	3
key	3
equal	3
initiators	3
center	3
variety	3
command	3
proximity	3
recharging	3
retractable	3
lead	3
coated	3
stage	3
carrier	3
piece	3
functions	3
compared	3
actuating	3
limited	2
feeding	2
updated	2
interleaved	2
solution	2
vector	2
errors	2
supplied	2
conduct	2
simultaneously	2
behavior	2
obtained	2
classification	2
modulated	2
txs	2
linearly	2
call	2
therefore	2
leaky	2
creates	2
separated	2
relay	2
travel	2
wound	2
exhibits	2
writing	2
rfid	2
fragment	2
repulsive	2
re	2
forth	2
resistor	2
linear	2
barrier	2
free	2
standard	2
formation	2
estimate	2
service	2
manner	2
latency	2
oriented	2
forces	2
transmit	2
extending	2
initiator	2
observation	2
infrared	2
dampening	2
patch	2
optimum	2
best	2
boss	2
uncertainty	2
against	2
loaded	2
near	2
ir	2
it	2
id	2
containing	2
independent	2
fuse	2
sidelobes	2
whereby	2
compartments	2
left	2
stringent	2
reportable	2
possibly	2
rotate	2
performing	2
facets	2
right	2
costs	2
automatically	2
head	2
medium	2
gaseous	2
encoder	2
emit	2
physical	2
permitting	2
update	2
computation	2
primer	2
passage	2
environment	2
protective	2
occurrence	2
cost	2
genes	2
vectors	2
representing	2
selects	2
msb	2
avoiding	2
following	2
making	2
chip	2
bonds	2
fourth	2
representation	2
thresholds	2
foldable	2
limbs	2
monitor	2
microcomputer	2
platform	2
name	2
predefined	2
inputting	2
oligonucleotide	2
turn	2
city	2
given	2
demodulation	2
efficient	2
opposite	2
paged	2
threshold	2
designated	2
cannot	2
secondary	2
where	2
communicated	2
detect	2
receivers	2
serialization	2
configuring	2
overview	2
those	2
orientation	2
telephone	2
converts	2
datapoints	2
movements	2
pad	2
noble	2
finish	2
kelvin	2
director	2
edges	2
extender	2
termination	2
touch	2
samples	2
aspects	2
early	2
particle	2
exposed	2
grounded	2
potentiometer	2
mixer	2
antibody	2
allowing	2
pivot	2
spline	2
log	2
applying	2
moved	2
laminated	2
personnel	2
pointing	2
ceramic	2
children	2
nodes	2
large	2
adjust	2
attributable	2
marginal	2
activates	2
emulator	2
uniquely	2
transit	2
distinct	2
contains	2
aperture	2
flat	2
commences	2
concatenation	2
controlling	2
hybridizing	2
sent	2
ambient	2
horizontal	2
laminate	2
thermal	2
25	2
22	2
micro	2
trailer	2
generation	2
p	2
doppler	2
terminals	2
fruit	2
controllable	2
passes	2
station	2
selector	2
percentage	2
treated	2
null	2
paths	2
depending	2
self	2
significant	2
services	2
particularly	2
embodiments	2
impact	2
factor	2
trees	2
b	2
ovate	2
armature	2
keyless	2
seq	2
achieved	2
individual	2
close	2
conditions	2
complementary	2
aircraft	2
31a	2
remaining	2
c	2
event	2
corresponds	2
community	2
coarse	2
resting	2
flight	2
determination	2
workmen	2
solid	2
evaluating	2
shorter	2
alert	2
strobe	2
landmark	2
abbreviation	2
recommended	2
parents	2
emergency	2
couple	2
sorting	2
shaped	2
some	2
palm	2
decision	2
run	2
annular	2
step	2
constraint	2
anterior	2
proportional	2
sections	2
adjusting	2
storing	2
yagi	2
detectors	2
warning	2
fixing	2
coded	2
vehicles	2
initiating	2
once	2
results	2
entire	2
smaller	2
volatile	2
advantageously	2
exchange	2
spacing	2
receive	2
31	2
panel	2
started	2
detects	2
drill	2
junctions	2
holds	2
wrist	2
divided	2
produces	2
produced	2
lattices	2
outer	2
chosen	2
greater	2
rotation	2
identifies	2
constraints	2
illuminate	2
parties	2
product	2
related	2
relates	2
quality	2
adopted	2
intermediate	2
inserting	2
final	2
uda	2
involved	2
limiting	2
arc	2
therewith	2
polarization	2
techniques	2
but	2
preliminary	2
placement	2
inductor	2
controls	2
operational	2
emitting	2
exchanged	2
overall	2
120	2
h	2
calling	2
enhances	2
acquired	2
operates	2
battery	2
ltoreq	2
pluralities	2
ability	2
adhesive	2
deliver	2
agencies	2
effluent	2
passing	2
vent	2
indicators	2
angles	2
will	2
capacitively	2
articulation	2
cross	2
speaker	2
helium	2
effect	2
i	2
spherical	2
stores	2
less	2
sources	2
protecting	2
density	2
insert	2
locate	2
transfer	2
delivery	2
auxiliary	2
below	2
permeability	2
46	2
44	2
42	2
43	2
41	2
contacting	2
impurity	2
	1
desirable	1
yellow	1
limiter	1
localized	1
whose	1
connects	1
every	1
comparator	1
cause	1
convenience	1
indices	1
uncovers	1
direct	1
tires	1
surrounding	1
fingers	1
demagnetization	1
new	1
increasing	1
consisting	1
protection	1
100	1
calculate	1
substance	1
proportioned	1
vintages	1
stressed	1
suitable	1
changes	1
cancellation	1
diameter	1
modulates	1
brought	1
unitary	1
successful	1
correspondingly	1
excellent	1
hole	1
hold	1
97	1
rim	1
containment	1
indicated	1
vehicular	1
classify	1
fever	1
maintain	1
correlation	1
preventive	1
wind	1
feedback	1
underside	1
executes	1
before	1
matures	1
personal	1
expectations	1
better	1
fig	1
them	1
similar	1
amenable	1
break	1
reagent	1
detachment	1
filtered	1
comprised	1
crunchy	1
l	1
combining	1
rx	1
gradation	1
240	1
checked	1
conform	1
logging	1
messages	1
days	1
silicon	1
machining	1
already	1
features	1
grade	1
remotely	1
bitten	1
interleavably	1
engagement	1
too	1
inflate	1
fixedly	1
integrally	1
downtime	1
modulators	1
acquisition	1
torque	1
spectrum	1
raw	1
screws	1
fitting	1
subjects	1
absorbed	1
transistor	1
effective	1
consumed	1
rotary	1
analogue	1
implementation	1
judged	1
disconnecting	1
do	1
reconstruction	1
amplifies	1
degradation	1
despite	1
6000	1
accordance	1
persica	1
transistors	1
erroneous	1
nut	1
disturbing	1
capacity	1
modulate	1
mud	1
finger	1
claws	1
sacrificing	1
layered	1
compressed	1
appeared	1
height	1
quickly	1
much	1
life	1
lift	1
microns	1
tang	1
melted	1
abuts	1
property	1
procedure	1
anticipating	1
mouse	1
make	1
inventory	1
several	1
differing	1
insulating	1
kept	1
intrusion	1
programs	1
alarms	1
800	1
assigned	1
judge	1
bandwidth	1
rotates	1
yet	1
impending	1
adding	1
transformer	1
monitored	1
ease	1
board	1
easy	1
requiring	1
supervisory	1
51	1
50	1
52	1
disconnects	1
arbitrary	1
people	1
statistic	1
reprogrammable	1
couplable	1
microwave	1
binder	1
shifting	1
substitution	1
manufacturing	1
emits	1
plug	1
accepts	1
choke	1
surround	1
constituting	1
ensure	1
slightly	1
uncontrolled	1
down	1
segment	1
inspected	1
accordingly	1
way	1
overhead	1
decoded	1
manufacturers	1
concatenated	1
taken	1
hear	1
decodes	1
encoded	1
224	1
222	1
reset	1
resonator	1
until	1
crystal	1
paging	1
150	1
computing	1
qwerty	1
exist	1
generally	1
reality	1
narrowband	1
implant	1
mri	1
preceding	1
statistical	1
together	1
jacket	1
meander	1
switched	1
varying	1
activated	1
fabricated	1
switches	1
displaying	1
interlaced	1
charge	1
periphery	1
string	1
orthogonal	1
frequencies	1
none	1
cool	1
accidentally	1
discrete	1
accumulation	1
spectral	1
endangering	1
assistance	1
shared	1
unrestricted	1
transportation	1
groups	1
implanted	1
supplying	1
wait	1
delimited	1
52a	1
52b	1
101a	1
timings	1
exiting	1
spheres	1
simultaneous	1
resonance	1
regeneration	1
marked	1
electromagnetically	1
marker	1
buttons	1
opposes	1
outputs	1
regularly	1
agent	1
stroke	1
writs	1
divides	1
inputs	1
staying	1
140	1
applications	1
grow	1
ghz	1
compressing	1
q	1
furnished	1
displayed	1
course	1
motions	1
still	1
tendency	1
apex	1
forms	1
broadcasts	1
constitutes	1
listing	1
decreased	1
main	1
records	1
drilling	1
identically	1
possess	1
drop	1
gaps	1
shown	1
opened	1
contained	1
rll	1
earlier	1
minimized	1
advantages	1
widths	1
rewrites	1
predictive	1
distal	1
long	1
message	1
operable	1
returns	1
season	1
accurately	1
television	1
18	1
require	1
unpatented	1
polycrystalline	1
correction	1
say	1
inhibiting	1
any	1
forming	1
strengths	1
202	1
204	1
gtoreq	1
successive	1
energize	1
adopt	1
fillers	1
dispersed	1
quantity	1
precise	1
rating	1
dimensioned	1
synchronous	1
polysilicon	1
elevate	1
ratio	1
explicitly	1
symmetrically	1
conjunction	1
communicates	1
parasitic	1
yield	1
threading	1
vision	1
wideband	1
diode	1
boundaries	1
radiated	1
affecting	1
translucent	1
across	1
arrival	1
impregnated	1
vertical	1
flow	1
analyzed	1
acquiring	1
many	1
color	1
60	1
absence	1
reflective	1
tightened	1
former	1
demodulates	1
engineering	1
ongoing	1
demodulated	1
interconnected	1
sleeping	1
superconducting	1
receptacle	1
binary	1
circularly	1
wiring	1
surveillance	1
shifts	1
events	1
assist	1
deflate	1
decompress	1
footprint	1
threaded	1
htsl	1
solve	1
dimension	1
210	1
telemetry	1
speed	1
prunus	1
except	1
complements	1
mos	1
traffic	1
breakage	1
accepted	1
vertically	1
always	1
claw	1
downward	1
inter	1
stationary	1
conditional	1
calculated	1
images	1
users	1
unlocked	1
critical	1
biases	1
fringe	1
road	1
spreading	1
accounts	1
there	1
hazards	1
illuminated	1
irradiating	1
biphase	1
pipelined	1
engage	1
multiplicity	1
momentarily	1
modules	1
reliability	1
asynchronous	1
controlled	1
again	1
enclosure	1
terminating	1
forcing	1
separate	1
optionally	1
suited	1
acids	1
unnatural	1
rxs	1
all	1
since	1
redhaven	1
quadrature	1
responsiveness	1
tx	1
subjected	1
program	1
tc	1
amplitudes	1
very	1
resistance	1
joined	1
103b	1
small	1
biological	1
employing	1
past	1
sub	1
capaciflector	1
movement	1
full	1
tracks	1
interposed	1
identifiable	1
allows	1
prior	1
amount	1
action	1
voxels	1
quotient	1
followed	1
takes	1
6	1
converters	1
initiated	1
known	1
benefits	1
keeping	1
latching	1
sudden	1
vivaldi	1
joints	1
minimum	1
axis	1
processors	1
technology	1
breaking	1
utilize	1
reflect	1
coming	1
readout	1
workstation	1
fundamental	1
developed	1
filters	1
turbine	1
26	1
arteries	1
probability	1
23	1
susceptible	1
lateral	1
mattress	1
initializing	1
walls	1
easily	1
fully	1
presented	1
oppositely	1
ports	1
subsystem	1
orient	1
surrounded	1
induces	1
acting	1
safety	1
imaging	1
bidirectional	1
retained	1
persons	1
pilots	1
interact	1
copper	1
forwards	1
thereafter	1
reflected	1
feet	1
utilized	1
hangs	1
causing	1
unexplained	1
smoothes	1
jackknifing	1
180	1
positionable	1
scheme	1
shifted	1
conduit	1
relationship	1
signaling	1
tft	1
reflection	1
prevent	1
double	1
toward	1
interactive	1
obstacles	1
coolant	1
laterally	1
tp4	1
tp3	1
tp2	1
tp1	1
flakes	1
bobbin	1
added	1
reach	1
most	1
plan	1
extremely	1
notch	1
stepwise	1
removably	1
flesh	1
turnaround	1
prevented	1
adheres	1
prescribing	1
art	1
probable	1
actuation	1
creating	1
initially	1
observer	1
folding	1
reverse	1
sensitive	1
simple	1
unsuccessful	1
perspectives	1
due	1
rotatably	1
gas	1
precision	1
representative	1
assigning	1
reliable	1
30	1
10000	1
backing	1
binding	1
probabilistically	1
itself	1
currents	1
counteracting	1
fibers	1
lengths	1
elevated	1
orientated	1
deletion	1
keys	1
uses	1
mips	1
motionless	1
database	1
calibrated	1
entry	1
inactive	1
huffman	1
loading	1
alternate	1
snap	1
excited	1
backscatter	1
evaluate	1
emanating	1
projects	1
individuals	1
yields	1
gradually	1
scale	1
pet	1
per	1
waveform	1
efficiencies	1
bi	1
extensions	1
dialog	1
consequently	1
therethrough	1
appropriate	1
question	1
specifically	1
discontinuities	1
manufacture	1
upright	1
crane	1
directed	1
detachably	1
continuously	1
groove	1
called	1
defined	1
codes	1
grouped	1
bioterrorism	1
retract	1
accidental	1
problems	1
lens	1
graphically	1
superconductive	1
dimensions	1
independently	1
electromagnet	1
failures	1
requires	1
partial	1
compact	1
automotive	1
implicitly	1
spool	1
manipulated	1
resonant	1
continued	1
positions	1
enforce	1
traveling	1
insertion	1
transformers	1
microprocessor	1
reporting	1
degree	1
gathered	1
wraps	1
convert	1
boresight	1
resulting	1
ies	1
addresses	1
danger	1
composes	1
basestation	1
bent	1
remains	1
readable	1
next	1
formally	1
infection	1
8	1
account	1
overcurrent	1
closing	1
drops	1
tab	1
purposes	1
employs	1
delay	1
integrators	1
leadless	1
blocks	1
hazard	1
scalable	1
realized	1
pulsed	1
130	1
directs	1
facilitates	1
superior	1
resistively	1
defining	1
discloses	1
hands	1
concave	1
identified	1
identifier	1
activate	1
doing	1
static	1
transitions	1
matrix	1
electronics	1
red	1
retrieved	1
discontinuity	1
gardner	1
steering	1
retrieves	1
g	1
informs	1
could	1
receding	1
transmitters	1
scanning	1
management	1
boil	1
shelf	1
completed	1
acquire	1
updating	1
observed	1
warfare	1
transducer	1
enforced	1
comfortably	1
constrained	1
linked	1
viewed	1
wettable	1
able	1
mid	1
dampers	1
combustion	1
nucleotide	1
mechanical	1
oscillates	1
normally	1
absorbing	1
ambiguity	1
local	1
achieve	1
impinging	1
areas	1
processes	1
processed	1
eccentrically	1
fixed	1
requirement	1
computed	1
packet	1
computes	1
outputted	1
acquires	1
closes	1
phases	1
peripherally	1
projecting	1
identification	1
mono	1
emitted	1
efficiency	1
limits	1
freely	1
estimation	1
otherwise	1
narrower	1
keying	1
powered	1
rates	1
utilizing	1
retransmissions	1
senses	1
sensed	1
confers	1
graphics	1
virtual	1
appearance	1
ultra	1
quanitization	1
ripe	1
site	1
askew	1
sequentially	1
residing	1
absorb	1
faces	1
abutment	1
batteries	1
rapid	1
satellites	1
capabilities	1
match	1
increases	1
immediately	1
sized	1
mhz	1
nerves	1
works	1
therapeutic	1
because	1
mattresses	1
certain	1
114	1
116	1
convey	1
112	1
proper	1
asynchronously	1
recognition	1
avoid	1
wetted	1
capability	1
lipid	1
chokes	1
shiftable	1
offset	1
approximating	1
periodically	1
about	1
carried	1
hypothenar	1
upward	1
rendered	1
functional	1
dataset	1
angularly	1
terminated	1
additional	1
elastic	1
spiral	1
naturally	1
overlapping	1
disengages	1
delivers	1
dma	1
compute	1
rooms	1
record	1
partly	1
reflecting	1
pit	1
lookup	1
mass	1
jamming	1
quartz	1
diagnosis	1
4b	1
