the	1089
a	697
of	427
and	376
to	336
is	199
in	169
circuit	161
an	161
for	148
first	142
signal	133
voltage	117
second	112
output	101
by	89
input	85
with	73
that	67
signals	64
current	59
or	59
be	59
from	59
on	58
are	58
one	56
test	55
device	55
at	53
amplifier	50
power	49
phase	45
which	45
stage	43
data	42
may	41
coupled	40
includes	40
control	38
plurality	35
between	34
as	34
each	33
clock	33
logic	33
having	32
connected	32
reference	30
can	30
element	30
has	29
provided	29
probe	28
level	27
comprises	26
method	26
function	26
semiconductor	25
time	25
line	24
bias	24
when	24
transistor	24
frequency	24
least	23
high	23
integrated	23
path	22
transistors	22
supply	22
system	22
conductors	21
differential	21
magnetic	20
active	20
low	20
pull	20
contact	19
sample	19
apparatus	19
under	18
switching	18
value	18
position	18
also	17
based	17
substrate	17
detection	16
said	16
envelope	16
array	16
further	16
number	16
circuits	16
off	16
pin	16
electronic	15
ground	15
chamber	15
field	15
operating	15
through	15
comprising	15
gain	15
portion	15
gate	14
parallel	14
such	14
electrical	14
generated	14
capacitor	14
response	14
set	14
configuration	14
noise	14
two	13
node	13
sensor	13
card	13
potential	13
pair	13
disclosed	13
being	13
variable	13
movement	13
cell	13
source	13
block	13
elements	13
this	13
lines	13
state	13
pulse	12
third	12
then	12
series	12
used	12
tool	12
object	12
boring	12
devices	12
drive	12
formed	12
resistance	12
during	12
configured	12
within	12
wafer	12
including	12
controlled	12
auxiliary	12
end	11
side	11
down	11
oscillator	11
produce	11
than	11
pad	11
components	11
provides	11
impedance	11
invention	11
measurement	11
shifter	11
cover	11
generating	11
wherein	11
into	11
include	11
blocks	11
mode	11
electrically	11
programmable	11
detector	11
means	11
surface	11
point	11
driving	10
testing	10
adapted	10
port	10
adjustable	10
so	10
non	10
constant	10
specimen	10
corresponding	10
fixture	10
generate	10
use	10
up	10
transmission	10
material	10
vco	10
present	10
display	10
adjusting	9
provide	9
boosting	9
it	9
transformer	9
transconductance	9
digital	9
head	9
relative	9
region	9
period	9
driver	9
generator	9
using	9
assembly	9
compliant	9
antenna	9
cursor	9
component	9
ports	9
x	9
both	9
capacitance	9
depth	9
serial	9
embodiment	9
delay	9
out	9
sensing	9
changes	8
unit	8
conductive	8
apodized	8
roll	8
not	8
2	8
buffer	8
amplifying	8
where	8
tuning	8
predetermined	8
more	8
interconnect	8
internal	8
scanning	8
resonance	8
amplified	8
intermediate	8
terminal	8
computer	8
equal	8
thus	8
coupling	8
nmr	7
selected	7
supplied	7
obstacle	7
detecting	7
thereon	7
correction	7
applied	7
board	7
form	7
amplification	7
memory	7
conductor	7
outputs	7
quarter	7
receiving	7
turned	7
only	7
distortion	7
lna	7
external	7
orientation	7
same	7
speed	7
difference	7
mounted	7
respective	7
plane	7
base	7
analog	7
error	7
contacts	7
characteristic	7
associated	7
application	7
excitation	7
resonant	7
desired	7
receive	7
static	7
pattern	7
ramp	7
adjusted	7
connection	7
other	7
force	6
obtained	6
network	6
rf	6
another	6
section	6
microscope	6
capacity	6
three	6
cycle	6
trimming	6
steps	6
stages	6
along	6
liquid	6
switch	6
thereby	6
multiple	6
threshold	6
different	6
measuring	6
allows	6
paper	6
detected	6
temperature	6
measured	6
locating	6
simple	6
cut	6
cascode	6
range	6
process	6
arrangement	6
dielectric	6
baseboard	6
membrane	6
addition	6
inductance	6
battery	6
placed	6
circuitry	5
errors	5
capacitors	5
feedback	5
production	5
strength	5
band	5
transient	5
primary	5
approximately	5
flow	5
10	5
received	5
adapter	5
specific	5
support	5
width	5
push	5
switched	5
environment	5
th_s	5
pll	5
following	5
stream	5
fourth	5
parameter	5
pitch	5
main	5
space	5
sampling	5
characteristics	5
allocation	5
drain	5
without	5
manipulator	5
vcc1	5
determine	5
area	5
included	5
via	5
resonator	5
controlling	5
its	5
operation	5
tft	5
slots	5
gas	5
solid	5
loop	5
currents	5
fast	5
forward	5
jacks	5
opposing	5
wave	5
electron	5
respectively	5
next	5
fet	5
windings	5
light	5
multiplexer	5
produces	5
clusters	5
additional	5
amplitude	5
providing	5
have	5
mechanism	5
timing	5
h	5
fixed	5
electrode	5
i	5
transfer	5
synthesizer	5
informational	5
approximation	4
estimated	4
bipolar	4
suitable	4
example	4
preferably	4
machine	4
after	4
responsive	4
voltages	4
spectrum	4
coil	4
radio	4
dc	4
preferred	4
receives	4
complex	4
hand	4
fuse	4
super	4
properties	4
o	4
presence	4
reducing	4
reset	4
crystal	4
dissipation	4
charge	4
lengthened	4
values	4
chip	4
occur	4
1	4
drop	4
rolls	4
programming	4
directly	4
way	4
probes	4
pump	4
going	4
receivers	4
reading	4
across	4
capable	4
enable	4
case	4
shifts	4
gates	4
mos	4
vacuum	4
identifying	4
image	4
elimination	4
motorized	4
curve	4
nodes	4
very	4
sum	4
full	4
contains	4
information	4
systems	4
energy	4
event	4
since	4
induced	4
terminals	4
driven	4
positioning	4
1321p	4
amplifiers	4
dispenses	4
part	4
common	4
conditions	4
load	4
reduce	4
conveyor	4
reduction	4
precision	4
comparator	4
higher	4
development	4
lower	4
varying	4
processing	4
planes	4
single	4
structure	4
amplifies	4
screen	4
positions	4
leakage	4
body	4
adjusts	4
detects	4
holds	4
counter	4
lc	4
relates	4
designed	4
final	4
actuators	4
mechanical	4
tape	4
wire	4
opening	4
probing	4
cc	4
bulk	4
multi	4
layer	4
units	4
upon	4
proximity	4
pressure	4
guard	4
made	4
below	4
functions	4
compared	4
variation	4
above	3
resilient	3
supplies	3
residual	3
therefore	3
type	3
determining	3
adjacent	3
order	3
over	3
combination	3
prevented	3
effects	3
standard	3
silicon	3
thereof	3
rectifier	3
outputting	3
distance	3
rate	3
tunable	3
manner	3
extending	3
fields	3
metal	3
pre	3
dry	3
connectors	3
perform	3
wheel	3
rail	3
cap1	3
adding	3
modulated	3
blades	3
opposite	3
burn	3
post	3
sinusoidally	3
automatically	3
synthesis	3
bandlimited	3
forming	3
portions	3
prevents	3
modules	3
reception	3
switches	3
stabilizing	3
oscillation	3
goes	3
supporting	3
water	3
incoming	3
dedicated	3
inputs	3
pointer	3
compensator	3
wide	3
accordance	3
any	3
equipment	3
lscg	3
nuclear	3
spaced	3
ends	3
pixels	3
efficiency	3
color	3
middle	3
wiring	3
changing	3
random	3
either	3
reduced	3
matching	3
removing	3
there	3
disposed	3
actuator	3
positioned	3
applying	3
5	3
pmos	3
teeth	3
oxides	3
large	3
pass	3
sub	3
finally	3
door	3
particular	3
known	3
producing	3
installed	3
held	3
generation	3
evaluation	3
offsets	3
elective	3
scheme	3
recovered	3
shifted	3
inground	3
optical	3
concentration	3
interconnection	3
precharge	3
parameters	3
transmitting	3
factor	3
mechanically	3
dipole	3
determined	3
corresponds	3
described	3
fuses	3
supplying	3
transferring	3
while	3
edge	3
location	3
permittivity	3
methods	3
spring	3
back	3
scale	3
waveform	3
eliminate	3
cpld	3
bonding	3
vcc2	3
resources	3
smaller	3
rim	3
access	3
31	3
carrying	3
located	3
meter	3
greater	3
front	3
steering	3
length	3
reaches	3
biasing	3
phasor	3
curved	3
polarization	3
but	3
local	3
tuned	3
routing	3
transmissive	3
compensating	3
controller	3
dual	3
variety	3
less	3
sources	3
sequence	3
does	3
11a	3
panel	3
about	3
rendered	3
overlapping	3
converter	3
variations	3
contribute	3
permeability	3
dynamic	2
four	2
alternating	2
superposes	2
even	2
simultaneously	2
diameter	2
strap	2
achievable	2
negative	2
until	2
separated	2
word	2
room	2
oxide	2
indicates	2
charging	2
modulation	2
containing	2
maintain	2
operations	2
before	2
substantially	2
trench	2
rs	2
re	2
resistor	2
linear	2
user	2
centered	2
rectified	2
1612	2
1611	2
forces	2
dummy	2
do	2
cushion	2
architecture	2
peripheral	2
pads	2
result	2
techniques	2
away	2
extend	2
been	2
spin	2
applies	2
balance	2
if	2
fourier	2
whereby	2
protocol	2
airbag	2
enters	2
monitored	2
53b	2
patching	2
possible	2
apart	2
55	2
56	2
ics	2
oscillating	2
shifting	2
approximate	2
decoded	2
differences	2
heat	2
bypassing	2
inside	2
attached	2
setting	2
holding	2
discharge	2
1804	2
1803	2
fabricated	2
orthogonal	2
die	2
prevent	2
axes	2
alone	2
change	2
52a	2
logical	2
connector	2
opposed	2
rotational	2
modified	2
indicia	2
performed	2
hydrogen	2
pins	2
stress	2
feature	2
window	2
half	2
maintaining	2
shown	2
increase	2
widths	2
transition	2
routed	2
xh	2
operable	2
overshooting	2
12	2
17	2
r	2
locations	2
winding	2
buried	2
performance	2
channel	2
normal	2
synchronous	2
fifth	2
secondary	2
1828	2
1823	2
predicted	2
attenuated	2
diode	2
3	2
filter	2
1321pb	2
analyzes	2
configuring	2
clk	2
according	2
expression	2
characterization	2
60	2
combines	2
mounting	2
pilot	2
interconnected	2
closest	2
model	2
aspect	2
feedforward	2
sampled	2
around	2
correcting	2
rear	2
reduces	2
inter	2
critical	2
mixed	2
rectification	2
start	2
lot	2
drains	2
certain	2
cables	2
storage	2
pseudo	2
surrounded	2
caused	2
executing	2
quadrature	2
tl	2
program	2
condition	2
zero	2
thickness	2
fractional	2
1320pb	2
ranges	2
relaxation	2
compliance	2
prior	2
amount	2
follower	2
select	2
distinct	2
corrected	2
c_s	2
1320p	2
protons	2
quantizer	2
states	2
intended	2
oblique	2
controllable	2
20	2
bypass	2
cross	2
connect	2
enough	2
utilizes	2
thereafter	2
relationship	2
b	2
compensates	2
self	2
depths	2
branching	2
particularly	2
completion	2
synchronization	2
generally	2
close	2
various	2
hold	2
selectively	2
sensitive	2
proton	2
simply	2
due	2
samples	2
superposed	2
evaluating	2
evaluates	2
attenuation	2
temporary	2
cartridge	2
uses	2
consistency	2
y	2
docking	2
alignment	2
exciter	2
transformation	2
bit	2
d	2
shaped	2
1320	2
1321	2
bounce	2
5b	2
l14	2
l11	2
per	2
tends	2
step	2
appropriate	2
directed	2
inverse	2
nmos	2
defined	2
resistances	2
bracket	2
b12	2
generates	2
e	2
required	2
proximate	2
adjustment	2
manipulates	2
exchange	2
spacing	2
dividing	2
makes	2
synchronism	2
tag	2
varied	2
noises	2
attenuator	2
regions	2
chosen	2
pixel	2
seawater	2
cutting	2
identified	2
matrix	2
electronics	2
repairing	2
g	2
latches	2
times	2
facilitate	2
precharges	2
compensation	2
thereto	2
need	2
angle	2
able	2
slotted	2
energizing	2
selection	2
bring	2
reactive	2
amplify	2
arranged	2
multiplying	2
frame	2
phases	2
implementing	2
emitter	2
adjuster	2
respect	2
utilizing	2
concurrence	2
sensed	2
will	2
effect	2
well	2
patterns	2
clocks	2
tight	2
increased	2
deployment	2
intersection	2
like	2
replacement	2
overlap	2
precharging	2
selecting	2
compatible	2
carrier	2
resistors	2
bus	2
distribution	2
calibration	2
branch	2
	1
limited	1
looking	1
shielding	1
downstream	1
handling	1
bringing	1
vector	1
incremented	1
surrounding	1
established	1
relieving	1
increasing	1
reliably	1
108	1
protection	1
102	1
106	1
property	1
specifics	1
total	1
discrepancies	1
brings	1
mwd	1
hole	1
aligned	1
blocking	1
97	1
permits	1
temperatures	1
bell	1
impedances	1
damage	1
displaceable	1
minimizes	1
constants	1
therebetween	1
complexity	1
correlation	1
vapor	1
sheltering	1
replicating	1
fittings	1
directional	1
highlights	1
encapsulated	1
differently	1
them	1
affected	1
safe	1
diodes	1
represents	1
delimiting	1
coupler	1
macrocell	1
diverters	1
feeds	1
combining	1
collector	1
enclosure	1
restricted	1
free	1
corrects	1
incorporates	1
logging	1
exposing	1
tolerant	1
rewritten	1
rates	1
fixedly	1
injected	1
roles	1
enabled	1
preparation	1
enables	1
minus	1
acquisition	1
extracting	1
bridge	1
forced	1
implemented	1
thorough	1
fitting	1
causing	1
correlating	1
optimized	1
involving	1
parting	1
consumed	1
points	1
incorporate	1
arrayed	1
colors	1
layout	1
implementation	1
microencapsulated	1
leakages	1
adequate	1
air	1
stop	1
pocket	1
new	1
covering	1
automatic	1
di11a	1
electrostatic	1
incorporating	1
secured	1
approach	1
terms	1
modify	1
improve	1
adapting	1
essentially	1
elastomer	1
faces	1
contribution	1
basis	1
regenerate	1
much	1
graphical	1
coherent	1
lift	1
inhibit	1
n	1
near	1
procedure	1
ii	1
characterize	1
ic	1
damaged	1
make	1
filtered	1
independent	1
equalizing	1
monotonic	1
rotated	1
bandwidth	1
identify	1
human	1
electronically	1
5a	1
usable	1
lcd	1
indicative	1
background	1
unique	1
57	1
50	1
tracked	1
linearly	1
manufacturing	1
orthogonally	1
considerations	1
locator	1
wrap	1
often	1
topologies	1
initial	1
accordingly	1
fraction	1
gaseous	1
slope	1
arrays	1
maximum	1
trim	1
no	1
tip	1
variably	1
15v	1
preceding	1
faster	1
1800	1
interval	1
together	1
nuclei	1
backward	1
equalizer	1
pipestaged	1
global	1
activated	1
osm	1
remarkably	1
displaying	1
row	1
0	1
monotonically	1
advantage	1
frequencies	1
congregation	1
teat	1
occurrence	1
securely	1
dried	1
parachuting	1
adds	1
backdrivable	1
boost	1
filled	1
shift	1
rdson	1
accomplished	1
throughput	1
usually	1
reagents	1
useful	1
extra	1
electromagnetically	1
operational	1
selectable	1
working	1
emits	1
handler	1
selects	1
employed	1
avoiding	1
modifies	1
redundancy	1
monitoring	1
divided	1
bonds	1
max	1
applications	1
deviates	1
quadrant	1
branched	1
representation	1
se	1
ringback	1
displayed	1
group	1
monitor	1
coordinates	1
forms	1
decreased	1
conveying	1
matches	1
provision	1
establishing	1
individually	1
significantly	1
gaps	1
entering	1
predefined	1
furthermore	1
ultracapacitors	1
mechanisms	1
inputting	1
complicated	1
inductive	1
turn	1
swing	1
specifically	1
remotely	1
types	1
moisture	1
structures	1
hardwired	1
continuous	1
accurately	1
occurring	1
representing	1
13	1
14	1
18	1
require	1
venturi	1
dynamically	1
summing	1
conversion	1
efficient	1
metalized	1
ideal	1
coincide	1
acquires	1
enter	1
algebraic	1
inserted	1
prober	1
quantity	1
precise	1
walking	1
slot	1
black	1
communicates	1
parasitic	1
eliminating	1
detect	1
ways	1
multiplied	1
25	1
analyzed	1
s	1
subthreshold	1
duty	1
maintained	1
attaching	1
damping	1
direction	1
these	1
investigating	1
sectional	1
couples	1
converts	1
technology	1
binary	1
develop	1
boosted	1
functionality	1
modes	1
minimize	1
relief	1
manifold	1
actions	1
insulative	1
wall	1
4	1
versa	1
real	1
decomposed	1
confines	1
coaxial	1
towel	1
facing	1
stationary	1
duration	1
dimensions	1
stops	1
exit	1
biases	1
package	1
communication	1
rising	1
heated	1
slopes	1
combined	1
promote	1
longer	1
dispensing	1
isolating	1
general	1
asynchronous	1
allocator	1
resonating	1
assessing	1
drivers	1
narrowing	1
valid	1
underwater	1
immunity	1
separate	1
assert	1
u	1
once	1
original	1
all	1
pointing	1
splitting	1
scc	1
causes	1
content	1
hetero	1
80pts	1
bypasses	1
cable	1
applicable	1
adjust	1
small	1
ten	1
functioning	1
osc	1
ribbon	1
advantageous	1
selective	1
directions	1
observing	1
periodic	1
action	1
elongated	1
tracking	1
analyzing	1
pulls	1
establish	1
readily	1
conventional	1
6	1
taken	1
achieving	1
lowering	1
tester	1
tested	1
indicating	1
v	1
compare	1
minimum	1
sense	1
transfers	1
derived	1
horizontal	1
concentrating	1
shore	1
followers	1
disabled	1
24	1
varactor	1
21	1
22	1
might	1
presented	1
radial	1
aligns	1
found	1
heavy	1
hard	1
numeric	1
enveloping	1
houses	1
imaging	1
bidirectional	1
feed	1
relate	1
utilized	1
defects	1
passes	1
impairing	1
heads	1
eddy	1
behind	1
selector	1
diffusion	1
double	1
recording	1
ohms	1
pairwise	1
store	1
vias	1
dispenser	1
toward	1
defect	1
substantial	1
depleted	1
null	1
rectifies	1
paths	1
depending	1
added	1
electric	1
inverter	1
measures	1
adder	1
hstl	1
watt	1
alpha	1
ruggedness	1
relation	1
simulating	1
generators	1
8	1
dominant	1
creates	1
seu	1
art	1
achieved	1
sem	1
currently	1
available	1
initially	1
interfaces	1
spectroscopic	1
interface	1
c	1
improved	1
reverse	1
tapered	1
quantization	1
embodiments	1
consume	1
complies	1
suppressing	1
pt	1
extends	1
determination	1
representative	1
replaces	1
look	1
straight	1
cluster	1
shortened	1
binding	1
itself	1
lengths	1
do12b	1
octal	1
resulting	1
flows	1
levels	1
purpose	1
necessity	1
fabrication	1
regulating	1
cryogenic	1
atomic	1
decomposes	1
guarantees	1
results	1
flux	1
oscillations	1
delivered	1
measurements	1
connecting	1
soft	1
unintentional	1
transients	1
consequently	1
nse	1
primarily	1
proportional	1
resilience	1
conduits	1
considerably	1
relaxed	1
frost	1
properly	1
injection	1
raising	1
transmits	1
spectroscopy	1
continuously	1
z	1
similar	1
microarrays	1
storing	1
do11b	1
influence	1
globally	1
defines	1
preventing	1
draw	1
prepared	1
allowing	1
sides	1
compliantly	1
vice	1
valves	1
overlaps	1
presently	1
magic	1
fewer	1
configurations	1
compensated	1
planarize	1
video	1
replicated	1
slight	1
flowing	1
l21	1
l24	1
separation	1
great	1
engage	1
leaving	1
products	1
composed	1
addressed	1
composes	1
apply	1
fed	1
clocking	1
remains	1
readable	1
thermally	1
mismatch	1
reconstructed	1
stabilizes	1
drops	1
lock	1
purposes	1
pulling	1
singular	1
requirements	1
efficiently	1
allow	1
132	1
directs	1
converting	1
boosts	1
outer	1
1700h	1
designs	1
realize	1
divider	1
concave	1
trimmed	1
crossing	1
activate	1
related	1
meta	1
calibrate	1
measure	1
tubular	1
stub	1
thereupon	1
maintains	1
steerable	1
assumed	1
hence	1
hexadecimal	1
echo	1
rectifying	1
quality	1
programmably	1
their	1
sealed	1
environmental	1
delimits	1
observed	1
isolation	1
limiting	1
vbat	1
resultant	1
accuracy	1
upset	1
supported	1
befilled	1
inductor	1
leg	1
controls	1
should	1
ambiguity	1
fuel	1
emitting	1
equilibrium	1
handle	1
overall	1
beam	1
chips	1
view	1
acquired	1
module	1
operates	1
operated	1
conductivity	1
ltoreq	1
identification	1
correctly	1
boundary	1
comparable	1
however	1
longitudinal	1
optional	1
limits	1
etc	1
otherwise	1
define	1
senses	1
sufficient	1
binning	1
freewheeling	1
biopolymer	1
align	1
associating	1
ringing	1
sheath	1
1700l	1
radiation	1
member	1
parts	1
largest	1
finite	1
inductively	1
complemented	1
sets	1
firstly	1
magnetization	1
hybrid	1
obtain	1
batteries	1
combine	1
usage	1
identical	1
alternatively	1
extremely	1
adjoining	1
di12a	1
accessible	1
vss	1
microcircuit	1
110	1
avoid	1
locate	1
11b	1
extension	1
dependency	1
unidirectional	1
introduced	1
electromagnetophoretic	1
processor	1
trigger	1
inner	1
delivery	1
highest	1
piece	1
ink	1
cmos	1
effected	1
trials	1
ultracapacitor	1
sstl	1
85	1
factors	1
