the	1390
of	747
a	549
is	489
in	464
to	430
and	387
that	370
activity	236
are	216
it	213
for	210
adaptive	210
an	203
this	184
selection	147
s	146
by	138
neutral	135
evolutionary	132
be	123
as	121
we	118
with	117
adaptations	114
so	111
not	110
its	110
can	106
or	98
adaptation	98
but	97
new	93
if	93
natural	91
one	91
genotype	88
from	85
which	82
waves	80
on	79
about	78
they	76
at	76
wave	75
adaptationism	74
system	71
some	69
genotypes	68
trait	66
will	66
test	65
model	64
when	64
population	62
have	62
evita	59
has	57
their	57
no	53
drift	53
evolution	53
time	52
because	52
than	51
i	51
cycle	50
these	50
all	49
more	49
figure	48
only	48
other	48
example	47
each	47
traits	46
how	45
method	45
agents	45
would	44
data	44
significant	44
specific	42
genes	42
two	42
random	41
those	40
different	40
same	40
rate	40
genetic	40
mutation	40
whether	40
items	38
function	38
empirical	37
lewontin	37
there	37
see	36
hypothesis	36
over	35
explanations	35
general	35
must	34
gould	34
gene	34
way	33
item	33
you	33
sensory	33
b	33
block	33
out	33
level	32
2	32
any	32
explanation	32
here	31
hypotheses	31
first	31
period	31
sober	30
variants	30
problem	30
fitness	29
allele	29
what	29
through	29
then	28
motor	28
reproduction	28
systems	27
fig	26
them	26
another	26
just	26
given	26
resource	26
among	26
program	26
shadow	25
models	25
bugs	25
does	25
rule	25
agent	24
between	24
being	24
alleles	23
evolving	23
p	23
run	23
into	23
dawkins	22
response	22
fundamental	22
might	22
loop	22
thus	22
like	22
packard	22
been	21
evidence	21
advantage	21
such	21
slope	21
case	21
resources	21
also	21
due	21
process	21
reproduce	21
3	21
could	21
he	21
second	20
above	20
1	20
value	20
mu	19
target	19
programs	19
change	19
shows	19
rather	19
kind	19
c	19
question	19
up	19
makes	19
bedau	18
information	18
since	18
most	18
explain	17
do	17
theory	17
many	17
e	17
strategies	17
number	17
simple	17
strategy	17
should	17
maladaptive	17
even	16
presupposition	16
make	16
right	16
environment	16
size	16
copy	16
normal	16
typically	16
sites	16
used	16
use	16
length	16
individual	16
my	15
mutations	15
possible	15
was	15
where	15
without	15
tested	15
instructions	15
part	15
point	15
behavior	15
blocks	15
exactly	15
below	15
limited	14
provide	14
much	14
graph	14
show	14
enough	14
explains	14
instances	14
selectively	14
back	14
step	14
desert	14
fact	14
little	13
10	13
bottom	13
average	13
grid	13
canonical	13
concentration	13
analysis	13
called	13
dynamics	13
produced	13
kinds	13
consists	12
changes	12
features	12
survival	12
class	12
form	12
science	12
events	12
nonadaptive	12
difference	12
dennett	12
instruction	12
find	12
jump	12
constraints	12
instance	12
lengthening	12
chance	12
selected	11
diagram	11
steps	11
may	11
species	11
persists	11
molecular	11
sometimes	11
reverse	11
though	11
engineering	11
involves	11
scatter	11
something	11
our	11
why	11
well	11
never	10
1992	10
significance	10
thesis	10
better	10
top	10
historical	10
phenotype	10
architectural	10
diagrams	10
current	10
predictions	10
adaptationist	10
claim	10
arise	10
course	10
main	10
non	10
think	10
were	10
note	10
cannot	10
relative	10
drain	10
provides	10
low	10
consider	10
caused	10
full	10
reason	10
randomly	10
during	10
both	10
world	10
examples	10
expressed	10
exaptations	10
reflects	10
challenge	10
g	10
tend	10
tests	10
significantly	10
presuppositions	10
space	10
organisms	9
three	9
true	9
longer	9
assume	9
alternatives	9
marbles	9
increase	9
now	9
cycles	9
get	9
1983	9
panadaptationism	9
single	9
rules	9
hitchhikers	9
important	9
selective	9
testes	9
major	9
actually	9
shorter	9
higher	9
collect	9
middle	9
instead	9
need	9
move	9
present	9
off	9
connected	8
1994	8
too	8
testing	8
extent	8
n	8
support	8
directly	8
especially	8
reproduces	8
benefit	8
requires	8
contrast	8
recall	8
male	8
issue	8
set	8
conditions	8
distinguish	8
whole	8
simply	8
while	8
replaced	8
competitive	8
location	8
appropriate	8
line	8
persisting	8
us	8
functionality	8
go	8
larger	8
apply	8
pure	8
correspond	8
produces	8
exclusion	8
who	8
know	8
biology	8
noise	8
although	8
every	7
affect	7
call	7
survive	7
1993	7
similar	7
impossible	7
crucial	7
unexpressed	7
needed	7
result	7
artificial	7
however	7
against	7
life	7
child	7
applied	7
clearly	7
easy	7
mayr	7
presence	7
ancestral	7
particular	7
analogous	7
along	7
positive	7
making	7
discussion	7
methodological	7
parent	7
kimura	7
except	7
real	7
around	7
equivalent	7
large	7
biological	7
further	7
extinction	7
bumped	7
existence	7
found	7
weight	7
expect	7
probability	7
null	7
organism	7
3x3	7
competing	7
responses	7
corresponds	7
itself	7
9	7
internal	7
methods	7
per	7
lesson	7
illustrates	7
body	7
cloud	7
next	7
untestable	7
practice	7
concerns	7
reproducing	7
local	7
view	7
phenotypic	7
site	7
effect	7
1987	7
functions	7
females	6
1995	6
work	6
illustrate	6
relatively	6
notion	6
14	6
depends	6
nature	6
quickly	6
applies	6
things	6
hand	6
identify	6
previous	6
chapter	6
encoded	6
role	6
dies	6
brown	6
usually	6
cases	6
wiggly	6
blowup	6
factors	6
long	6
corner	6
black	6
notice	6
innovations	6
60	6
observe	6
optimality	6
reveals	6
stand	6
drains	6
certain	6
causes	6
fall	6
comparing	6
primate	6
history	6
sense	6
needs	6
variant	6
exaptation	6
clear	6
x	6
various	6
levels	6
genetically	6
proportional	6
characteristic	6
sort	6
locus	6
measure	6
environmental	6
graphs	6
contain	6
generations	6
computer	6
equal	6
less	6
success	6
phenomena	6
pressure	6
active	5
populations	5
continual	5
1999	5
feature	5
order	5
feedback	5
2waves	5
evolve	5
concedes	5
introns	5
competitors	5
observed	5
best	5
distinction	5
testable	5
cumulative	5
had	5
birth	5
beneficial	5
people	5
behaviors	5
raised	5
down	5
tell	5
hairs	5
groups	5
merely	5
optimal	5
map	5
produce	5
designed	5
whenever	5
still	5
interesting	5
processes	5
term	5
quite	5
origin	5
fails	5
driven	5
very	5
aspects	5
always	5
scientific	5
faster	5
5	5
once	5
far	5
hitchhiker	5
33aad	5
clock	5
allows	5
none	5
states	5
axis	5
intended	5
males	5
easily	5
micro	5
occurs	5
cyclic	5
defends	5
zero	5
differ	5
described	5
uses	5
alternative	5
creation	5
either	5
32abl	5
problems	5
code	5
existing	5
phenotypes	5
entire	5
saw	5
assumptions	5
holds	5
extremal	5
university	5
sexual	5
interactions	5
unrolling	5
salient	5
persistence	5
key	5
etc	5
figures	5
relevant	5
arises	5
almost	5
40	5
smith	5
five	5
lead	5
own	5
tiny	5
1982	5
bug	5
made	5
evident	5
details	5
orzack	4
children	4
controversy	4
criticism	4
explained	4
1997	4
theories	4
hemoglobin	4
keep	4
after	4
fit	4
persist	4
free	4
filter	4
similarly	4
rates	4
character	4
object	4
peers	4
m	4
principle	4
away	4
continually	4
adapted	4
sigmoidal	4
expected	4
perform	4
claims	4
paradigm	4
rosenberg	4
spread	4
rna	4
everything	4
slightly	4
failure	4
exist	4
constructed	4
picture	4
neighbors	4
finally	4
emphasized	4
settle	4
illustrations	4
address	4
marker	4
today	4
following	4
offspring	4
product	4
times	4
representation	4
indeed	4
pleiotropy	4
furthermore	4
predecessors	4
open	4
argument	4
behind	4
nearly	4
33aak	4
31aab	4
ways	4
across	4
extinct	4
worry	4
status	4
death	4
lets	4
4	4
maximize	4
thinks	4
confirm	4
practical	4
luck	4
spreading	4
determine	4
your	4
exons	4
refutation	4
small	4
strong	4
takes	4
reservoir	4
die	4
hard	4
operation	4
event	4
ask	4
benefits	4
assumption	4
determines	4
roughly	4
self	4
nothing	4
cause	4
dominant	4
available	4
attention	4
context	4
pp	4
else	4
increment	4
virtually	4
moment	4
obviously	4
questions	4
big	4
scale	4
jumps	4
sum	4
generated	4
algorithm	4
virtue	4
resistance	4
notes	4
try	4
smaller	4
microanalysis	4
hitchhiking	4
involved	4
addresses	4
themselves	4
purposes	4
chosen	4
doing	4
related	4
special	4
performs	4
unless	4
consequences	4
face	4
inherited	4
means	4
legitimate	4
words	4
distribution	4
slowly	4
corresponding	4
inherits	4
center	4
nevertheless	4
thought	4
theses	4
supply	4
increases	4
sequence	4
actual	4
compared	4
lives	4
investigation	3
under	3
worth	3
rise	3
four	3
panglossian	3
solution	3
monogamous	3
darwinian	3
until	3
verificationism	3
reign	3
hold	3
1990	3
initial	3
want	3
end	3
turn	3
replicating	3
before	3
somewhere	3
spandrals	3
side	3
series	3
principled	3
forth	3
admits	3
mutate	3
tool	3
1978	3
matter	3
solely	3
entail	3
seen	3
seek	3
1966	3
brandon	3
shall	3
plenty	3
nicely	3
architecture	3
subject	3
puts	3
basic	3
exception	3
contingencies	3
aim	3
property	3
adaptationists	3
complex	3
left	3
d	3
multiple	3
ignore	3
individuals	3
reducing	3
often	3
discriminate	3
1983b	3
variable	3
together	3
teeth	3
graphing	3
discern	3
0	3
emphasizes	3
prediction	3
sign	3
targets	3
appear	3
debate	3
goes	3
dec	3
regardless	3
griffiths	3
offing	3
ferrous	3
constraint	3
values	3
fourth	3
huge	3
explicit	3
typical	3
pointed	3
years	3
differs	3
adaptationalist	3
origination	3
half	3
shown	3
looking	3
state	3
language	3
corroborating	3
place	3
williams	3
gives	3
compass	3
11	3
12	3
third	3
san	3
sure	3
genotypic	3
falls	3
drive	3
ratio	3
explicitly	3
reveal	3
ignores	3
originated	3
fluctuations	3
scattergram	3
expression	3
maintained	3
west	3
extant	3
irrelevant	3
situation	3
according	3
cluster	3
births	3
largely	3
macro	3
solve	3
speed	3
using	3
sterelny	3
exploit	3
t	3
exposed	3
competition	3
assembly	3
comparison	3
central	3
discussed	3
concentrations	3
strictly	3
start	3
lot	3
complete	3
again	3
spatial	3
includes	3
worse	3
programme	3
design	3
richard	3
section	3
row	3
operating	3
excess	3
directions	3
prior	3
put	3
distinct	3
entails	3
producing	3
created	3
reflect	3
help	3
good	3
really	3
dominates	3
rises	3
definition	3
discover	3
kink	3
empirically	3
extremely	3
traditional	3
scattered	3
common	3
sex	3
defense	3
complement	3
nop0	3
sensitive	3
create	3
understand	3
look	3
straight	3
30	3
necessity	3
tierra	3
expend	3
concrete	3
useful	3
majority	3
complaint	3
marco	3
helpful	3
signal	3
continue	3
terminology	3
processing	3
coexist	3
range	3
integral	3
primarily	3
memory	3
consist	3
autonomous	3
outside	3
plays	3
focuses	3
stance	3
causal	3
uncontroversial	3
testability	3
control	3
high	3
independent	3
designs	3
greater	3
sufficiently	3
magnitude	3
frequency	3
red	3
diagonal	3
completely	3
quo	3
godfrey	3
determining	3
hence	3
pgs	3
precisely	3
collecting	3
false	3
template	3
eight	3
neighboring	3
text	3
agrees	3
knowledge	3
chips	3
fixed	3
exists	3
pattern	3
ends	3
attributed	3
sperms	3
walk	3
table	3
copies	3
sufficient	3
patterns	3
position	3
predicts	3
reasons	3
happens	3
colonize	3
mere	3
1984	3
1985	3
additional	3
snyder	3
naturally	3
count	3
stories	3
deaths	3
contribute	3
condition	3
variety	3
behavioral	3
accidents	3
	2
oldest	2
blanket	2
misunderstanding	2
vast	2
supports	2
enjoy	2
incremented	2
surrounding	2
increasing	2
counters	2
interpret	2
visible	2
total	2
plot	2
dna	2
2long	2
jmp	2
ward	2
me	2
1998	2
altering	2
indicates	2
sought	2
answer	2
ordinary	2
classify	2
wrong	2
jumping	2
suggest	2
executed	2
executes	2
highlights	2
distinguishing	2
easier	2
emphasize	2
effects	2
grows	2
mean	2
borne	2
daniel	2
adapt	2
beatty	2
detecting	2
silent	2
starts	2
signature	2
moving	2
service	2
approximately	2
lower	2
predictable	2
classes	2
speaking	2
1600	2
seem	2
causing	2
forces	2
replenished	2
involving	2
don	2
points	2
saying	2
dupr	2
lethal	2
analogue	2
thirds	2
adequate	2
mixture	2
falsify	2
bad	2
eventually	2
emergent	2
fail	2
simplest	2
361	2
preserve	2
kitcher	2
terms	2
improve	2
lenses	2
conference	2
reciprocal	2
originate	2
procedure	2
mistake	2
trilobites	2
fairly	2
strength	2
1979	2
1977	2
failing	2
assigned	2
strenuously	2
32	2
functionally	2
technological	2
cultural	2
comments	2
constructive	2
differences	2
inside	2
complications	2
151	2
classic	2
abstract	2
disconfirm	2
dying	2
interested	2
papers	2
ifnz	2
string	2
word	2
minute	2
clouds	2
did	2
turns	2
magnet	2
prevent	2
exceptions	2
studies	2
working	2
properties	2
handles	2
going	2
eberhard	2
predict	2
238	2
performed	2
counting	2
spreads	2
criterion	2
spot	2
grow	2
mainly	2
experiments	2
observational	2
decreases	2
offers	2
thereby	2
views	2
records	2
square	2
revised	2
supplant	2
nominal	2
earlier	2
mechanisms	2
besides	2
striking	2
simplified	2
generative	2
indicate	2
white	2
wide	2
require	2
gathering	2
occupies	2
mates	2
occupied	2
norman	2
rationale	2
considered	2
implications	2
testis	2
invocation	2
summary	2
worries	2
architecturally	2
concern	2
detect	2
subsequent	2
legitimacy	2
screen	2
come	2
filtering	2
considers	2
concede	2
direction	2
falsified	2
graphed	2
food	2
devoid	2
arose	2
justify	2
valuable	2
improvement	2
satisfactory	2
vrba	2
specified	2
developmental	2
refer	2
measuring	2
slopes	2
survives	2
strikes	2
ended	2
copied	2
am	2
moves	2
ref	2
pool	2
strings	2
external	2
represent	2
semantic	2
follow	2
preserves	2
subjected	2
herrings	2
neighborhood	2
discriminated	2
choices	2
version	2
movement	2
certainly	2
observing	2
search	2
action	2
followed	2
contains	2
taken	2
presumes	2
include	2
goal	2
acts	2
dismissed	2
ingesting	2
register	2
negligible	2
paper	2
propose	2
reflected	2
accumulate	2
difficult	2
everyone	2
cost	2
idea	2
investigated	2
leave	2
wondered	2
research	2
drifting	2
story	2
generate	2
dominating	2
interact	2
aims	2
determined	2
treated	2
motivation	2
exert	2
nonmolecular	2
generalizes	2
lip	2
build	2
added	2
unused	2
patterned	2
phenomenon	2
carefully	2
parameters	2
distributed	2
gains	2
creates	2
last	2
license	2
nop2	2
entrenchment	2
let	2
finds	2
258f	2
raise	2
lattice	2
collected	2
neumann	2
optimization	2
von	2
resulting	2
ray	2
32aav	2
y	2
corroborated	2
game	2
follows	2
shapes	2
deleterious	2
essential	2
metabolic	2
affects	2
novelty	2
negatives	2
bx	2
seeing	2
within	2
few	2
specifically	2
analyze	2
flow	2
objection	2
24bxi	2
explaining	2
wimsatt	2
ago	2
implies	2
2000	2
2001	2
intentional	2
illustrated	2
issues	2
cyclesequence	2
concerned	2
visualizing	2
indicating	2
implicitly	2
continues	2
continued	2
raup	2
others	2
fifteen	2
great	2
leaving	2
products	2
bookkeeping	2
examining	2
win	2
motoo	2
decrease	2
remains	2
examination	2
unoccupied	2
screening	2
possession	2
drops	2
proof	2
varies	2
foreordained	2
mixed	2
fits	2
quantify	2
counter	2
including	2
choose	2
clusters	2
critically	2
tray	2
subset	2
fundamentally	2
mate	2
utility	2
interaction	2
improvements	2
flourish	2
inversely	2
distinguished	2
constrained	2
linked	2
necessities	2
depict	2
studying	2
harmful	2
subtracted	2
gather	2
longevity	2
thicket	2
equivalents	2
equilibrium	2
familiar	2
120	2
upper	2
acquired	2
intensity	2
closer	2
maynard	2
record	2
written	2
progress	2
neither	2
ability	2
observable	2
taking	2
sequences	2
addition	2
define	2
overwhelmingly	2
bulk	2
draining	2
capture	2
propensity	2
parts	2
gets	2
infer	2
material	2
353	2
detail	2
falsifiable	2
usage	2
match	2
identical	2
checking	2
biologists	2
immediately	2
hitchhike	2
become	2
peter	2
throughout	2
assuming	2
slight	2
carries	2
swimming	2
washington	2
commitment	2
artifacts	2
breeding	2
goals	2
mechanics	2
chromosome	2
conclusion	2
variation	2
persistent	2
original	2
compete	2
refutes	1
fortiori	1
controversial	1
minuscule	1
localized	1
undisputed	1
whose	1
violate	1
collisions	1
segments	1
presents	1
unroll	1
whatsoever	1
risk	1
downstream	1
replication	1
reiterating	1
pooled	1
separates	1
succession	1
force	1
consistent	1
direct	1
rigorous	1
12014	1
specification	1
net	1
consisting	1
simultaneously	1
notions	1
equals	1
100	1
105	1
leaves	1
changed	1
etiology	1
numerical	1
divide	1
classification	1
gorillas	1
actions	1
chooses	1
substitutions	1
noting	1
type	1
separated	1
successful	1
correspondingly	1
excellent	1
permits	1
concepts	1
criticizing	1
indicated	1
ingenuity	1
cited	1
involve	1
pluralistic	1
guarantee	1
methodology	1
ancestor	1
construe	1
undergoing	1
replacing	1
containing	1
summarize	1
parallel	1
types	1
attempt	1
effective	1
appreciate	1
patent	1
maintain	1
rhesus	1
1000	1
operations	1
xi	1
fidelity	1
compelling	1
hidden	1
confidently	1
maximal	1
affected	1
prevented	1
giraffe	1
indulge	1
represents	1
toroidal	1
financial	1
fixation	1
principles	1
literature	1
extract	1
driving	1
god	1
encourage	1
newly	1
perception	1
bestow	1
246	1
240	1
universally	1
cosmic	1
conceding	1
000	1
incorporated	1
appeals	1
electronic	1
brock	1
confirming	1
hypothetical	1
tom	1
postulate	1
john	1
ranging	1
enhancing	1
centered	1
serve	1
rejected	1
tokens	1
task	1
requisite	1
gambler	1
tree	1
likely	1
fashion	1
sees	1
mind	1
inherit	1
emphasizing	1
functioning	1
genuine	1
isolated	1
fitting	1
instructs	1
mutants	1
acquire	1
optimizes	1
cronin	1
retaining	1
treats	1
calculated	1
inferred	1
shadowed	1
mating	1
came	1
decidedly	1
stephens	1
attempts	1
gauge	1
solutions	1
participate	1
northeast	1
situations	1
dynamical	1
instrumentalism	1
appreciated	1
specify	1
matters	1
pursuing	1
predecessor	1
fossil	1
15	1
vividly	1
infrequent	1
runs	1
twice	1
captures	1
fair	1
skeptically	1
checks	1
5000	1
suffers	1
said	1
inappropriate	1
lots	1
09	1
rechtsteiner	1
pressures	1
future	1
conceptual	1
misguided	1
restricting	1
weak	1
clues	1
modeling	1
linkage	1
adapting	1
essentially	1
resistant	1
iron	1
exceeds	1
contribution	1
argue	1
presumably	1
explanatory	1
codon	1
interrelations	1
constructively	1
refill	1
speak	1
source	1
simplification	1
creatures	1
detrimental	1
interest	1
parents	1
questioned	1
refuted	1
deeper	1
concerning	1
xxx	1
locations	1
east	1
near	1
suppose	1
study	1
seven	1
comparative	1
disappear	1
confirmed	1
parasitism	1
operationalize	1
avoids	1
elliott	1
european	1
browsing	1
tops	1
differing	1
opportunity	1
weakly	1
shortly	1
settled	1
1971	1
lumps	1
savings	1
mother	1
spencer	1
fittest	1
background	1
quoted	1
kinks	1
thanks	1
human	1
scattering	1
bit	1
enters	1
passive	1
orzak	1
board	1
espoused	1
paleontology	1
disagreement	1
possibly	1
unique	1
constitution	1
54	1
performing	1
50	1
52	1
old	1
successfully	1
critique	1
indirect	1
dense	1
unavoidable	1
contributing	1
displayed	1
neatly	1
novelties	1
illustration	1
shifting	1
post	1
permitted	1
bahm	1
transcends	1
accepts	1
flourishes	1
commit	1
automatically	1
destination	1
negative	1
wrap	1
rely	1
fabric	1
truncated	1
knowing	1
mutated	1
anderson	1
influencing	1
vacated	1
removes	1
vitality	1
sinks	1
removed	1
reset	1
traces	1
reproductive	1
maximum	1
unvarying	1
nonlethal	1
phil	1
steady	1
proves	1
simulations	1
mold	1
generally	1
holding	1
operators	1
oklahoma	1
artificially	1
1983a	1
convincing	1
update	1
progresses	1
gorilla	1
backward	1
peacock	1
concept	1
leads	1
computation	1
morphology	1
misread	1
depend	1
promoting	1
ven	1
frequencies	1
tends	1
unfamiliar	1
choice	1
room	1
proposals	1
revolution	1
says	1
trend	1
bombardment	1
initialized	1
bacterial	1
suspect	1
amounting	1
filled	1
supporting	1
dictates	1
lethally	1
exemplified	1
thirty	1
institute	1
simultaneous	1
suggestion	1
plotted	1
emerge	1
logical	1
histories	1
rarely	1
estate	1
prove	1
give	1
criteria	1
encode	1
theoretical	1
perishes	1
outweighs	1
zwick	1
apparent	1
oregon	1
ignorant	1
originally	1
inflamed	1
gathers	1
allowed	1
occur	1
233	1
productive	1
requirements	1
explores	1
applications	1
islands	1
stress	1
neck	1
ordinarily	1
cascade	1
talk	1
24anr	1
correlation	1
cuts	1
accepted	1
constitutes	1
happened	1
untestability	1
provision	1
killed	1
nor	1
lineage	1
name	1
corners	1
adjudicated	1
establishing	1
possibilities	1
realistic	1
entirely	1
1999a	1
domain	1
dictated	1
vanishingly	1
scheme	1
et	1
happen	1
adequately	1
living	1
shadowing	1
attracted	1
contained	1
dominate	1
correct	1
inevitably	1
possibility	1
bumps	1
advantages	1
motion	1
thing	1
constantly	1
saving	1
surviving	1
variables	1
xx	1
participates	1
plastic	1
anyone	1
fortuitous	1
structures	1
hardwired	1
exploring	1
fraction	1
accurately	1
artifact	1
viewing	1
occurring	1
semantics	1
impractical	1
17	1
16	1
rival	1
r	1
pre	1
generality	1
crossover	1
already	1
burien	1
efficient	1
aside	1
potential	1
take	1
objective	1
polygynous	1
coincide	1
begin	1
chromosomes	1
attractiveness	1
enter	1
invoked	1
printed	1
successive	1
contrasts	1
fills	1
later	1
tooth	1
harvey	1
quantity	1
rating	1
discovered	1
methodologically	1
joshi	1
diverge	1
fifth	1
phenotypically	1
slow	1
essence	1
33aaq	1
33aap	1
33aas	1
33aar	1
33aau	1
33aat	1
hostage	1
begging	1
soon	1
unimportant	1
24bqf	1
heritable	1
gauged	1
hinges	1
scientist	1
predicted	1
silently	1
physically	1
violated	1
comparable	1
corroboration	1
boundaries	1
affecting	1
analyzes	1
analyzed	1
20	1
undermine	1
originates	1
wanders	1
concentrates	1
comes	1
nearby	1
storing	1
color	1
anti	1
3000	1
aiming	1
locally	1
absence	1
shortening	1
1032	1
wants	1
gist	1
influence	1
traversal	1
former	1
promising	1
newspaper	1
unsatisfactory	1
prevalence	1
engaged	1
skipped	1
motivated	1
protein	1
verified	1
coexisting	1
epoch	1
extended	1
vestigial	1
drives	1
collide	1
running	1
changing	1
totally	1
six	1
relies	1
minimize	1
customized	1
severe	1
dimension	1
persistently	1
213	1
sweeping	1
ch	1
pruned	1
presumption	1
grounded	1
thinking	1
setting	1
careers	1
kills	1
early	1
execution	1
heightened	1
identifying	1
adami	1
specifies	1
cognitive	1
duration	1
alleviates	1
energetic	1
33aav	1
moderate	1
miscellaneous	1
refers	1
fast	1
area	1
distinctions	1
distracted	1
detectable	1
assumes	1
newtonian	1
proportionately	1
mammals	1
regard	1
1996a	1
philosophers	1
correlated	1
trying	1
applying	1
organize	1
detailed	1
migrate	1
describe	1
imagination	1
senses	1
lifetime	1
discerned	1
departs	1
19xx	1
field	1
briefly	1
students	1
chris	1
calls	1
controlled	1
incrementing	1
embracing	1
pointing	1
lack	1
executing	1
generalize	1
invariably	1
messy	1
revealed	1
reasoning	1
equivalence	1
extraneous	1
tail	1
arisen	1
positivists	1
agglomeration	1
results	1
interpreting	1
falsifying	1
treating	1
developing	1
triangulate	1
past	1
pass	1
requiring	1
mentalism	1
cues	1
ticks	1
brief	1
revealing	1
component	1
answers	1
generalizing	1
increments	1
inspired	1
247	1
amount	1
published	1
skepticism	1
reactors	1
marginal	1
deals	1
emptied	1
asexually	1
analyzing	1
decrement	1
herring	1
spawned	1
select	1
eye	1
improves	1
flaw	1
knows	1
agnostic	1
company	1
constructs	1
varying	1
known	1
town	1
refashioned	1
remain	1
nine	1
learn	1
originations	1
prompt	1
share	1
unbiased	1
lacks	1
influences	1
reject	1
creature	1
simplicity	1
par	1
tries	1
developmentally	1
develop	1
horizontal	1
concentrating	1
criticize	1
crowded	1
reproduced	1
developed	1
held	1
environmentally	1
25	1
discloses	1
rapidly	1
overhead	1
adaptedness	1
28	1
harmless	1
detected	1
nifty	1
stephen	1
alter	1
tentatively	1
pursue	1
return	1
abandons	1
seeking	1
secondarily	1
unroller	1
complain	1
bigger	1
finite	1
essentialism	1
fully	1
token	1
constructing	1
reduce	1
panadaptionism	1
quantum	1
beyond	1
viability	1
acting	1
equate	1
dominated	1
reformulated	1
difficulty	1
base	1
approach	1
canon	1
fiat	1
unresolved	1
irrespectively	1
enforce	1
prejudice	1
consequence	1
exhibited	1
embraces	1
encoding	1
juncture	1
least	1
preadaptation	1
unexplained	1
temperature	1
swarm	1
threatening	1
construct	1
regulation	1
passed	1
observations	1
inconvenient	1
architect	1
falsification	1
derivative	1
substantial	1
avida	1
organs	1
orders	1
depending	1
costs	1
analogy	1
finding	1
command	1
unconstrained	1
play	1
critics	1
programmers	1
measures	1
reach	1
stands	1
deviations	1
ronneburg	1
consisted	1
lying	1
fins	1
ruin	1
failed	1
pretty	1
factor	1
8	1
darwin	1
his	1
connections	1
express	1
famous	1
rest	1
24avp	1
alexander	1
adapts	1
underlying	1
consciously	1
creator	1
dumb	1
close	1
visualize	1
degree	1
consuming	1
rejecting	1
probably	1
heuristic	1
succeed	1
became	1
experimental	1
elliot	1
whatever	1
dimensional	1
indefinite	1
extravagant	1
empty	1
lengthens	1
tangents	1
modelling	1
repertoire	1
indefinitely	1
expanded	1
animates	1
evaluated	1
receive	1
error	1
engineers	1
century	1
averaging	1
headway	1
triple	1
attach	1
sweep	1
grant	1
read	1
devised	1
conflict	1
transitory	1
realm	1
recent	1
32aac	1
older	1
spent	1
edge	1
hypothesized	1
macromolecule	1
cut	1
scenario	1
hereditarily	1
corroborates	1
deliberately	1
remaining	1
generalized	1
lacking	1
capacities	1
populous	1
necessary	1
emergence	1
modifications	1
sorting	1
lost	1
shaped	1
names	1
absolutely	1
describing	1
decision	1
inconveniently	1
innovation	1
stem	1
restrictive	1
santa	1
plots	1
wealth	1
anything	1
76	1
simulation	1
deserves	1
computational	1
shed	1
conflates	1
360f	1
allometry	1
adequacy	1
behaving	1
polyganous	1
statistics	1
conceivably	1
measured	1
clutton	1
procedures	1
mundane	1
repeatedly	1
considerable	1
lessened	1
verification	1
highlight	1
strands	1
defined	1
undisputedly	1
globally	1
defines	1
humanities	1
priori	1
genome	1
becomes	1
generates	1
william	1
spatially	1
allowing	1
structure	1
feasible	1
land	1
archetypal	1
accumulations	1
incomplete	1
having	1
proposition	1
magnifying	1
debarred	1
fatal	1
expressing	1
engineered	1
telling	1
meant	1
positions	1
underscores	1
inspection	1
ride	1
concluded	1
imply	1
clich	1
punctuations	1
giving	1
delving	1
measurements	1
objects	1
focused	1
physiology	1
extreme	1
engage	1
technical	1
suggests	1
30aab	1
scales	1
addressed	1
weaker	1
ape	1
stream	1
consumption	1
historically	1
optimizing	1
started	1
occurred	1
pfs	1
transient	1
popper	1
labelled	1
preoccupied	1
detects	1
account	1
accrues	1
anywhere	1
obvious	1
averages	1
distractions	1
calculation	1
inaccessible	1
effectively	1
bones	1
standard	1
genomes	1
epistasis	1
located	1
hitches	1
philosophy	1
rays	1
chasing	1
lines	1
allow	1
subsequently	1
furnish	1
looks	1
horns	1
mentioned	1
panadaptive	1
strikingly	1
thence	1
ll	1
winning	1
stances	1
defining	1
unclear	1
mention	1
subtraction	1
front	1
day	1
plateau	1
masters	1
unpredictably	1
constitute	1
static	1
81	1
respects	1
defend	1
exacted	1
ecologies	1
suffices	1
integrated	1
perish	1
clarify	1
sweeps	1
david	1
qualification	1
removing	1
retain	1
footnotes	1
repeats	1
heuristically	1
reaches	1
hurdle	1
proposing	1
representations	1
quality	1
monkey	1
strict	1
adopted	1
final	1
nxxx	1
seymour	1
branches	1
remember	1
neologism	1
colleagues	1
quantitative	1
objectionable	1
split	1
distinguishes	1
limiting	1
light	1
providing	1
migration	1
shrinks	1
unchanged	1
discussions	1
4000	1
able	1
mechanism	1
supplanted	1
asserts	1
deploy	1
01	1
intrinsic	1
deny	1
metaphysical	1
looked	1
idiosyncratic	1
mechanical	1
supported	1
purely	1
likens	1
based	1
jay	1
dramatize	1
controls	1
entities	1
molecules	1
myriad	1
partially	1
achieve	1
regularly	1
overall	1
lucky	1
accrue	1
123	1
coordinating	1
timing	1
129	1
fe	1
sperm	1
brain	1
encounters	1
titus	1
lilly	1
optimally	1
processed	1
cladogenesis	1
predictive	1
modulo	1
computed	1
respect	1
polygamous	1
merits	1
irrefutable	1
creating	1
complementary	1
perfect	1
sole	1
trilobite	1
ryckman	1
efficiency	1
job	1
freely	1
supplants	1
sexes	1
cleanest	1
passing	1
37aaa	1
heredity	1
suboptimal	1
crafted	1
allocated	1
flourishing	1
accomplishing	1
treat	1
proposal	1
suggested	1
determinant	1
al	1
sensed	1
confers	1
bull	1
prospect	1
splits	1
unlike	1
harder	1
examine	1
rectangular	1
barely	1
ve	1
vi	1
examined	1
audiences	1
demanded	1
regression	1
largest	1
residing	1
solved	1
fecundity	1
discredited	1
tufts	1
ernst	1
frequently	1
whale	1
15x8	1
transaction	1
bootstrapping	1
disappears	1
49	1
352	1
sets	1
sensing	1
posses	1
1994b	1
increasingly	1
clocks	1
consume	1
drawback	1
add	1
unprecedented	1
magnify	1
execute	1
elapsed	1
crux	1
sequencing	1
showing	1
qualitative	1
disallows	1
works	1
page	1
exceed	1
classical	1
searching	1
alive	1
proper	1
literally	1
instantaneous	1
chains	1
contextually	1
complication	1
worthy	1
simpler	1
extension	1
getting	1
uninteresting	1
basis	1
ingest	1
concession	1
introduced	1
equally	1
female	1
speciation	1
gleaned	1
1986	1
1989	1
upwards	1
north	1
directs	1
repeated	1
automated	1
highest	1
smooth	1
placed	1
ruling	1
iterated	1
display	1
urging	1
redeems	1
generating	1
contingent	1
periods	1
trials	1
43	1
virtual	1
branch	1
colonized	1
ultimately	1
colonizes	1
exposure	1
expands	1
indirectly	1
